source_id	subject_id	session_id	bold_num	t1w_num	t2w_num	bold_size	t1w_size	bold_duration_total	bold_duration_mean	bold_voxels_total	bold_voxels_mean	datatypes
ds004146	sub-0001	ses-01	2	0	1	530968417	0	608.2200046777725	304.11000233888626	1557504	778752.0	anat,dwi,func,perf
ds004146	sub-0001	ses-02	3	0	1	715121653	0	912.2200092077255	304.0733364025752	2043504	681168.0	anat,dwi,fmap,func,perf
ds004146	sub-0002	ses-01	2	0	1	548652173	0	608.2200046777725	304.11000233888626	1557504	778752.0	anat,dwi,func,perf
ds004146	sub-0003	ses-01	2	0	1	546026928	0	608.2200046777725	304.11000233888626	1557504	778752.0	anat,dwi,func,perf
ds004146	sub-0003	ses-02	4	0	1	1156166309	0	1581.820019185543	395.45500479638577	2529504	632376.0	anat,dwi,fmap,func,perf
ds004146	sub-0004	ses-01	2	0	0	532307878	0	608.2200046777725	304.11000233888626	1557504	778752.0	anat,dwi,func
ds004146	sub-0004	ses-02	4	0	1	1125852325	0	1581.820019185543	395.45500479638577	2529504	632376.0	anat,dwi,fmap,func,perf
ds004146	sub-0005	ses-01	2	0	1	556845915	0	608.2200046777725	304.11000233888626	1557504	778752.0	anat,dwi,func,perf
ds004146	sub-0005	ses-02	4	0	1	1137772406	0	1581.820019185543	395.45500479638577	2529504	632376.0	anat,dwi,fmap,func,perf
ds004146	sub-0006	ses-01	0	0	1	0	0	n/a	n/a	n/a	n/a	anat,dwi
ds004146	sub-0006	ses-02	4	0	1	1162269754	0	1576.2200191020966	394.05500477552414	2529504	632376.0	anat,dwi,fmap,func,perf
ds004146	sub-0007	ses-01	2	0	1	531911013	0	608.2200046777725	304.11000233888626	1557504	778752.0	anat,dwi,func,perf
ds004146	sub-0007	ses-02	3	0	0	709741451	0	912.2200092077255	304.0733364025752	2043504	681168.0	anat,dwi,fmap,func
ds004146	sub-0008	ses-01	2	0	1	531172942	0	608.2200046777725	304.11000233888626	1557504	778752.0	anat,dwi,func,perf
ds004146	sub-0009	ses-01	2	0	1	557017863	0	608.2200046777725	304.11000233888626	1557504	778752.0	anat,dwi,func
ds004146	sub-0010	ses-01	2	0	1	567259355	0	608.2200046777725	304.11000233888626	1557504	778752.0	anat,dwi,func,perf
ds004146	sub-0010	ses-02	4	0	1	1146342953	0	1581.820019185543	395.45500479638577	2529504	632376.0	anat,dwi,fmap,func,perf
ds004146	sub-0011	ses-01	2	0	1	566077847	0	608.2200046777725	304.11000233888626	1557504	778752.0	anat,dwi,func,perf
ds004146	sub-0012	ses-01	2	0	1	512404501	0	608.2200046777725	304.11000233888626	1557504	778752.0	anat,dwi,func,perf
ds004146	sub-0013	ses-01	2	0	1	541097126	0	608.2200046777725	304.11000233888626	1557504	778752.0	anat,dwi,func,perf
ds004146	sub-0013	ses-02	4	0	1	1068492545	0	1581.820019185543	395.45500479638577	2529504	632376.0	anat,dwi,fmap,func,perf
ds004146	sub-0014	ses-01	2	0	1	563182032	0	608.2200046777725	304.11000233888626	1557504	778752.0	anat,dwi,func,perf
ds004146	sub-0014	ses-02	2	0	0	584426545	0	973.6000145077705	486.80000725388527	972000	486000.0	anat,dwi,fmap,func
ds004146	sub-0015	ses-01	2	0	1	559995443	0	608.2200046777725	304.11000233888626	1557504	778752.0	anat,dwi,func,perf
ds004146	sub-0015	ses-02	4	0	1	1185667070	0	1581.820019185543	395.45500479638577	2529504	632376.0	anat,dwi,fmap,func,perf
ds004146	sub-0016	ses-01	2	0	1	532433338	0	608.2200046777725	304.11000233888626	1557504	778752.0	anat,dwi,func,perf
ds004146	sub-0016	ses-02	4	0	1	1076329561	0	1581.820019185543	395.45500479638577	2529504	632376.0	anat,dwi,fmap,func,perf
ds004146	sub-0017	ses-01	2	0	1	564486969	0	608.2200046777725	304.11000233888626	1557504	778752.0	anat,dwi,func,perf
ds004146	sub-0017	ses-02	4	0	1	1169365652	0	1581.820019185543	395.45500479638577	2529504	632376.0	anat,dwi,fmap,func,perf
ds004146	sub-0018	ses-01	2	0	1	532766760	0	608.2200046777725	304.11000233888626	1557504	778752.0	anat,dwi,func,perf
ds004146	sub-0018	ses-02	4	0	1	1097824731	0	1581.820019185543	395.45500479638577	2529504	632376.0	anat,dwi,func,perf
ds004146	sub-0019	ses-01	2	0	1	525974709	0	608.2200046777725	304.11000233888626	1557504	778752.0	anat,dwi,func,perf
ds004146	sub-0019	ses-02	4	0	1	1081434641	0	1581.820019185543	395.45500479638577	2529504	632376.0	anat,dwi,fmap,func,perf
ds004146	sub-0020	ses-01	2	0	1	545814387	0	608.2200046777725	304.11000233888626	1557504	778752.0	anat,dwi,func,perf
ds004146	sub-0020	ses-02	4	0	1	1128375871	0	1581.820019185543	395.45500479638577	2529504	632376.0	anat,dwi,fmap,func,perf
ds004146	sub-0021	ses-01	2	0	1	510877687	0	608.2200046777725	304.11000233888626	1557504	778752.0	anat,dwi,func,perf
ds004146	sub-0021	ses-02	4	0	1	1049938739	0	1581.820019185543	395.45500479638577	2529504	632376.0	anat,dwi,fmap,func,perf
ds004146	sub-0022	ses-01	2	0	1	564929680	0	608.2200046777725	304.11000233888626	1557504	778752.0	anat,dwi,func,perf
ds004146	sub-0022	ses-02	4	0	1	1187836545	0	1581.820019185543	395.45500479638577	2529504	632376.0	anat,dwi,fmap,func,perf
ds004146	sub-0023	ses-01	2	0	1	529363324	0	608.2200046777725	304.11000233888626	1557504	778752.0	anat,dwi,func,perf
ds004146	sub-0024	ses-01	2	0	1	572259931	0	608.2200046777725	304.11000233888626	1557504	778752.0	anat,dwi,func,perf
ds004146	sub-0024	ses-02	4	0	1	1209149583	0	1576.2200191020966	394.05500477552414	2529504	632376.0	anat,dwi,fmap,func,perf
ds004146	sub-0025	ses-01	2	0	1	571821826	0	608.2200046777725	304.11000233888626	1557504	778752.0	anat,dwi,func,perf
ds004146	sub-0025	ses-02	4	0	1	1214327286	0	1581.820019185543	395.45500479638577	2529504	632376.0	anat,dwi,fmap,func,perf
ds004146	sub-0026	ses-01	2	0	1	544619561	0	608.2200046777725	304.11000233888626	1557504	778752.0	anat,dwi,func,perf
ds004146	sub-0027	ses-01	2	0	1	604403518	0	608.2200046777725	304.11000233888626	1557504	778752.0	anat,dwi,func,perf
ds004146	sub-0028	ses-01	2	0	1	540838122	0	608.2200046777725	304.11000233888626	1557504	778752.0	anat,dwi,func,perf
ds004146	sub-0028	ses-02	4	0	1	1125823845	0	1581.820019185543	395.45500479638577	2529504	632376.0	anat,dwi,fmap,func,perf
ds004146	sub-0029	ses-01	2	0	1	537078778	0	608.2200046777725	304.11000233888626	1557504	778752.0	anat,dwi,func,perf
ds004146	sub-0029	ses-02	4	0	0	1089781570	0	1581.820019185543	395.45500479638577	2529504	632376.0	anat,dwi,fmap,func,perf
ds004146	sub-0030	ses-01	2	0	1	564728488	0	608.2200046777725	304.11000233888626	1557504	778752.0	anat,dwi,func,perf
ds004146	sub-0030	ses-02	4	0	1	1140688670	0	1581.820019185543	395.45500479638577	2529504	632376.0	anat,dwi,fmap,func,perf
ds004146	sub-0031	ses-01	2	0	1	545165435	0	608.2200046777725	304.11000233888626	1557504	778752.0	anat,dwi,func,perf
ds004146	sub-0031	ses-02	4	0	1	1113147904	0	1581.820019185543	395.45500479638577	2529504	632376.0	anat,dwi,fmap,func,perf
ds004146	sub-0032	ses-01	2	0	1	531663357	0	608.2200046777725	304.11000233888626	1557504	778752.0	anat,dwi,func,perf
ds004146	sub-0032	ses-02	4	0	1	1093485787	0	1581.820019185543	395.45500479638577	2529504	632376.0	anat,dwi,fmap,func,perf
ds004146	sub-0033	ses-01	2	0	1	529347690	0	608.2200046777725	304.11000233888626	1557504	778752.0	anat,dwi,func,perf
ds004146	sub-0034	ses-01	2	0	1	518046168	0	608.2200046777725	304.11000233888626	1557504	778752.0	anat,dwi,func,perf
ds004146	sub-0034	ses-02	4	0	1	1092415023	0	1581.820019185543	395.45500479638577	2529504	632376.0	anat,dwi,fmap,func,perf
ds004146	sub-0035	ses-01	2	0	1	566836032	0	608.2200046777725	304.11000233888626	1557504	778752.0	anat,dwi,func,perf
ds004146	sub-0035	ses-02	4	0	1	1140438574	0	1581.820019185543	395.45500479638577	2529504	632376.0	anat,dwi,fmap,func,perf
ds004146	sub-0036	ses-01	2	0	1	576586707	0	608.2200046777725	304.11000233888626	1557504	778752.0	anat,dwi,func,perf
ds004146	sub-0036	ses-02	4	0	1	1165027474	0	1581.820019185543	395.45500479638577	2529504	632376.0	anat,dwi,fmap,func,perf
ds004146	sub-0037	ses-01	2	0	1	514806101	0	608.2200046777725	304.11000233888626	1557504	778752.0	anat,dwi,func,perf
ds004146	sub-0037	ses-02	4	0	1	1074742356	0	1581.820019185543	395.45500479638577	2529504	632376.0	anat,dwi,fmap,func,perf
ds004146	sub-0038	ses-01	2	0	1	565604297	0	608.2200046777725	304.11000233888626	1557504	778752.0	anat,dwi,func,perf
ds004146	sub-0038	ses-02	4	0	1	1179186056	0	1581.820019185543	395.45500479638577	2529504	632376.0	anat,dwi,fmap,func,perf
ds004146	sub-0039	ses-01	2	0	1	555400239	0	608.2200046777725	304.11000233888626	1557504	778752.0	anat,dwi,func,perf
ds004146	sub-0040	ses-01	2	0	1	562106900	0	608.2200046777725	304.11000233888626	1557504	778752.0	anat,dwi,func,perf
ds004146	sub-0041	ses-01	2	0	1	549583456	0	608.2200046777725	304.11000233888626	1557504	778752.0	anat,dwi,func,perf
ds004146	sub-0041	ses-02	4	0	0	1112746752	0	1581.820019185543	395.45500479638577	2529504	632376.0	anat,dwi,fmap,func,perf
ds004146	sub-0042	ses-01	2	0	1	560565380	0	608.2200046777725	304.11000233888626	1557504	778752.0	anat,dwi,func,perf
ds004146	sub-0042	ses-02	4	0	1	1146124653	0	1581.820019185543	395.45500479638577	2529504	632376.0	anat,dwi,fmap,func,perf
ds004146	sub-0043	ses-01	2	0	1	540005950	0	608.2200046777725	304.11000233888626	1557504	778752.0	anat,dwi,func,perf
ds004146	sub-0043	ses-02	4	0	1	1131001580	0	1581.820019185543	395.45500479638577	2529504	632376.0	anat,dwi,fmap,func,perf
ds004146	sub-0044	ses-01	2	0	1	560625883	0	608.2200046777725	304.11000233888626	1557504	778752.0	anat,dwi,func,perf
ds004146	sub-0044	ses-02	4	0	1	1126760963	0	1581.820019185543	395.45500479638577	2529504	632376.0	anat,dwi,fmap,func,perf
ds004146	sub-0045	ses-01	2	0	1	562729333	0	608.2200046777725	304.11000233888626	1557504	778752.0	anat,dwi,func,perf
ds004146	sub-0045	ses-02	4	0	1	1163826950	0	1581.820019185543	395.45500479638577	2529504	632376.0	anat,dwi,fmap,func,perf
ds004146	sub-0046	ses-01	2	0	1	552508424	0	608.2200046777725	304.11000233888626	1557504	778752.0	anat,dwi,func,perf
ds004146	sub-0047	ses-01	2	0	1	511488546	0	608.2200046777725	304.11000233888626	1557504	778752.0	anat,dwi,func,perf
ds004146	sub-0047	ses-02	4	0	1	1041234698	0	1581.820019185543	395.45500479638577	2529504	632376.0	anat,dwi,fmap,func,perf
ds004146	sub-0048	ses-01	2	0	1	536121815	0	608.2200046777725	304.11000233888626	1557504	778752.0	anat,dwi,func,perf
ds004146	sub-0048	ses-02	4	0	0	1081067054	0	1581.820019185543	395.45500479638577	2529504	632376.0	anat,dwi,fmap,func,perf
ds004146	sub-0049	ses-01	2	0	1	537192325	0	608.2200046777725	304.11000233888626	1557504	778752.0	anat,dwi,func,perf
ds004146	sub-0049	ses-02	4	0	0	1105422702	0	1581.820019185543	395.45500479638577	2529504	632376.0	anat,dwi,fmap,func,perf
ds004146	sub-0050	ses-01	2	0	1	541959549	0	608.2200046777725	304.11000233888626	1557504	778752.0	anat,dwi,func,perf
ds004146	sub-0050	ses-02	4	0	1	1074818560	0	1581.820019185543	395.45500479638577	2529504	632376.0	anat,dwi,fmap,func,perf
ds004146	sub-0051	ses-01	2	0	1	579746327	0	608.2200046777725	304.11000233888626	1557504	778752.0	anat,dwi,func,perf
ds004146	sub-0051	ses-02	4	0	0	1189460272	0	1581.820019185543	395.45500479638577	2529504	632376.0	anat,dwi,fmap,func,perf
ds004146	sub-0052	ses-01	2	0	1	572275654	0	608.2200046777725	304.11000233888626	1557504	778752.0	anat,dwi,func,perf
ds004146	sub-0053	ses-01	2	0	1	558280807	0	608.2200046777725	304.11000233888626	1557504	778752.0	anat,dwi,func,perf
ds004146	sub-0053	ses-02	4	0	1	1153051997	0	1581.820019185543	395.45500479638577	2529504	632376.0	anat,dwi,fmap,func,perf
ds004146	sub-0054	ses-01	2	0	1	555420682	0	608.2200046777725	304.11000233888626	1557504	778752.0	anat,dwi,func,perf
ds004146	sub-0054	ses-02	4	0	0	1163687080	0	1581.820019185543	395.45500479638577	2529504	632376.0	anat,dwi,fmap,func,perf
ds004146	sub-0055	ses-01	2	0	1	524532046	0	608.2200046777725	304.11000233888626	1557504	778752.0	anat,dwi,func,perf
ds004146	sub-0055	ses-02	4	0	1	1093024508	0	1581.820019185543	395.45500479638577	2529504	632376.0	anat,dwi,fmap,func,perf
ds004146	sub-0056	ses-01	2	0	1	607578280	0	608.2200046777725	304.11000233888626	1557504	778752.0	anat,dwi,func,perf
ds004146	sub-0057	ses-01	2	0	1	582224611	0	608.2200046777725	304.11000233888626	1557504	778752.0	anat,dwi,func,perf
ds004146	sub-0057	ses-02	4	0	1	1246281340	0	1581.820019185543	395.45500479638577	2529504	632376.0	anat,dwi,fmap,func,perf
ds004146	sub-0058	ses-01	2	0	1	555386181	0	608.2200046777725	304.11000233888626	1557504	778752.0	anat,dwi,func,perf
ds004146	sub-0058	ses-02	4	0	1	1175948780	0	1581.820019185543	395.45500479638577	2529504	632376.0	anat,dwi,fmap,func,perf
ds004146	sub-0059	ses-01	2	0	1	585200796	0	608.2200046777725	304.11000233888626	1557504	778752.0	anat,dwi,func,perf
ds004146	sub-0059	ses-02	4	0	1	1197932798	0	1581.820019185543	395.45500479638577	2529504	632376.0	anat,dwi,fmap,func,perf
ds004146	sub-0060	ses-01	2	0	1	589677873	0	608.2200046777725	304.11000233888626	1557504	778752.0	anat,dwi,func,perf
ds004146	sub-0060	ses-02	4	0	1	1227351460	0	1581.820019185543	395.45500479638577	2529504	632376.0	anat,dwi,fmap,func,perf
ds004146	sub-0061	ses-01	2	0	1	548730494	0	608.2200046777725	304.11000233888626	1557504	778752.0	anat,dwi,func,perf
ds004146	sub-0061	ses-02	4	0	1	1099866056	0	1581.820019185543	395.45500479638577	2529504	632376.0	anat,dwi,fmap,func,perf
ds004146	sub-0062	ses-01	2	0	1	559803410	0	608.2200046777725	304.11000233888626	1557504	778752.0	anat,dwi,func,perf
ds004146	sub-0063	ses-01	2	0	1	577970609	0	608.2200046777725	304.11000233888626	1557504	778752.0	anat,dwi,func,perf
ds004146	sub-0063	ses-02	4	0	1	1195497788	0	1581.820019185543	395.45500479638577	2529504	632376.0	anat,dwi,fmap,func,perf
ds004146	sub-0064	ses-01	2	0	1	510040123	0	608.2200046777725	304.11000233888626	1557504	778752.0	anat,dwi,func,perf
ds004146	sub-0064	ses-02	4	0	1	1077170220	0	1581.820019185543	395.45500479638577	2529504	632376.0	anat,dwi,fmap,func,perf
ds004146	sub-0065	ses-01	2	0	1	569152419	0	608.2200046777725	304.11000233888626	1557504	778752.0	anat,dwi,func,perf
ds004146	sub-0066	ses-01	2	0	1	535761274	0	608.2200046777725	304.11000233888626	1557504	778752.0	anat,dwi,func,perf
ds004146	sub-0067	ses-01	2	0	1	542337377	0	608.2200046777725	304.11000233888626	1557504	778752.0	anat,dwi,func,perf
ds004146	sub-0067	ses-02	4	0	1	1152740514	0	1581.820019185543	395.45500479638577	2529504	632376.0	anat,dwi,fmap,func,perf
ds004146	sub-0068	ses-01	2	0	1	565630190	0	608.2200046777725	304.11000233888626	1557504	778752.0	anat,dwi,func,perf
ds004146	sub-0068	ses-02	4	0	1	1164193867	0	1581.820019185543	395.45500479638577	2529504	632376.0	anat,dwi,fmap,func,perf
ds004146	sub-0069	ses-01	2	0	1	565460770	0	608.2200046777725	304.11000233888626	1557504	778752.0	anat,dwi,func,perf
ds004146	sub-0070	ses-01	2	0	1	522298902	0	608.2200046777725	304.11000233888626	1557504	778752.0	anat,dwi,func,perf
ds004146	sub-0070	ses-02	4	0	1	1078452530	0	1581.820019185543	395.45500479638577	2529504	632376.0	anat,dwi,fmap,func,perf
ds004146	sub-0071	ses-01	2	0	1	540104193	0	608.2200046777725	304.11000233888626	1557504	778752.0	anat,dwi,func,perf
ds004146	sub-0072	ses-01	2	0	1	554253962	0	608.2200046777725	304.11000233888626	1557504	778752.0	anat,dwi,func,perf
ds004146	sub-0072	ses-02	4	0	1	1140436372	0	1581.820019185543	395.45500479638577	2529504	632376.0	anat,dwi,fmap,func,perf
ds004146	sub-0073	ses-01	2	0	1	551651127	0	608.2200046777725	304.11000233888626	1557504	778752.0	anat,dwi,func,perf
ds004146	sub-0073	ses-02	4	0	1	1105986912	0	1576.2200191020966	394.05500477552414	2529504	632376.0	anat,dwi,fmap,func,perf
ds004146	sub-0074	ses-01	2	0	1	542941490	0	608.2200046777725	304.11000233888626	1557504	778752.0	anat,dwi,func,perf
ds004146	sub-0074	ses-02	4	0	1	1136627145	0	1581.820019185543	395.45500479638577	2529504	632376.0	anat,dwi,fmap,func,perf
ds004146	sub-0075	ses-01	2	0	1	555124031	0	608.2200046777725	304.11000233888626	1557504	778752.0	anat,dwi,func,perf
ds004146	sub-0075	ses-02	4	0	1	1156816849	0	1581.820019185543	395.45500479638577	2529504	632376.0	anat,dwi,fmap,func,perf
ds004146	sub-0076	ses-01	2	0	1	539418606	0	608.2200046777725	304.11000233888626	1557504	778752.0	anat,dwi,func,perf
ds004146	sub-0076	ses-02	4	0	1	1106637635	0	1581.820019185543	395.45500479638577	2529504	632376.0	anat,dwi,fmap,func,perf
ds004146	sub-0077	ses-01	2	0	0	552740149	0	608.2200046777725	304.11000233888626	1557504	778752.0	anat,dwi,func,perf
ds004146	sub-0078	ses-01	2	0	1	521245943	0	608.2200046777725	304.11000233888626	1557504	778752.0	anat,dwi,func,perf
ds004146	sub-0078	ses-02	3	0	1	712434963	0	912.2200092077255	304.0733364025752	2043504	681168.0	anat,dwi,fmap,func,perf
ds004146	sub-0079	ses-01	2	0	1	555965966	0	608.2200046777725	304.11000233888626	1557504	778752.0	anat,dwi,func,perf
ds004146	sub-0079	ses-02	4	0	1	1126470830	0	1581.820019185543	395.45500479638577	2529504	632376.0	anat,dwi,fmap,func,perf
ds004146	sub-0080	ses-01	2	0	1	523036824	0	608.2200046777725	304.11000233888626	1557504	778752.0	anat,dwi,func,perf
ds004146	sub-0080	ses-02	4	0	1	1097543524	0	1581.820019185543	395.45500479638577	2529504	632376.0	anat,dwi,fmap,func,perf
ds004146	sub-0081	ses-01	2	0	1	500188265	0	608.2200046777725	304.11000233888626	1557504	778752.0	anat,dwi,func,perf
ds004146	sub-0081	ses-02	4	0	1	1040803035	0	1581.820019185543	395.45500479638577	2529504	632376.0	anat,dwi,fmap,func,perf
ds004146	sub-0082	ses-01	2	0	1	538354789	0	608.2200046777725	304.11000233888626	1557504	778752.0	anat,dwi,func,perf
ds004146	sub-0083	ses-01	2	0	1	520043040	0	608.2200046777725	304.11000233888626	1557504	778752.0	anat,dwi,func,perf
ds004146	sub-0084	ses-01	2	0	1	534521403	0	608.2200046777725	304.11000233888626	1557504	778752.0	anat,dwi,func,perf
ds004146	sub-0084	ses-02	4	0	1	1112962016	0	1581.820019185543	395.45500479638577	2529504	632376.0	anat,dwi,fmap,func,perf
ds004146	sub-0085	ses-01	2	0	1	544439568	0	608.2200046777725	304.11000233888626	1557504	778752.0	anat,dwi,func,perf
ds004146	sub-0085	ses-02	4	0	1	1118703700	0	1581.820019185543	395.45500479638577	2529504	632376.0	anat,dwi,fmap,func,perf
ds004146	sub-0086	ses-01	2	0	1	581750034	0	608.2200046777725	304.11000233888626	1557504	778752.0	anat,dwi,func,perf
ds004146	sub-0086	ses-02	4	0	1	1171853728	0	1581.820019185543	395.45500479638577	2529504	632376.0	anat,dwi,fmap,func,perf
ds004146	sub-0087	ses-01	2	0	1	512013862	0	608.2200046777725	304.11000233888626	1557504	778752.0	anat,dwi,func,perf
ds004146	sub-0088	ses-01	2	0	1	586123868	0	608.2200046777725	304.11000233888626	1557504	778752.0	anat,dwi,func,perf
ds004146	sub-0088	ses-02	4	0	0	1209782965	0	1581.820019185543	395.45500479638577	2529504	632376.0	anat,dwi,fmap,func,perf
ds004146	sub-0089	ses-01	2	0	1	554533489	0	608.2200046777725	304.11000233888626	1557504	778752.0	anat,dwi,func,perf
ds004146	sub-0089	ses-02	4	0	1	1146384407	0	1581.820019185543	395.45500479638577	2529504	632376.0	anat,dwi,fmap,func,perf
ds004146	sub-0090	ses-01	2	0	1	550248659	0	608.2200046777725	304.11000233888626	1557504	778752.0	anat,dwi,func,perf
ds004146	sub-0090	ses-02	2	0	1	557096050	0	973.6000145077705	486.80000725388527	972000	486000.0	anat,dwi,fmap,func,perf
ds004146	sub-0091	ses-01	2	0	1	535833936	0	608.2200046777725	304.11000233888626	1557504	778752.0	anat,dwi,func,perf
ds004146	sub-0091	ses-02	4	0	1	1121914544	0	1581.820019185543	395.45500479638577	2529504	632376.0	anat,dwi,fmap,func,perf
ds004146	sub-0092	ses-01	2	0	1	547226623	0	608.2200046777725	304.11000233888626	1557504	778752.0	anat,dwi,func,perf
ds004146	sub-0092	ses-02	4	0	1	1109657058	0	1581.820019185543	395.45500479638577	2529504	632376.0	anat,dwi,fmap,func,perf
ds004146	sub-0093	ses-01	2	0	1	540606350	0	608.2200046777725	304.11000233888626	1557504	778752.0	anat,dwi,func,perf
ds004146	sub-0093	ses-02	4	0	1	1129292360	0	1576.2200191020966	394.05500477552414	2529504	632376.0	anat,dwi,fmap,func,perf
ds004146	sub-0094	ses-01	2	0	1	546528769	0	608.2200046777725	304.11000233888626	1557504	778752.0	anat,dwi,func,perf
ds004146	sub-0095	ses-01	2	0	1	554467135	0	608.2200046777725	304.11000233888626	1557504	778752.0	anat,dwi,func,perf
ds004146	sub-0095	ses-02	4	0	1	1174339762	0	1581.820019185543	395.45500479638577	2529504	632376.0	anat,dwi,fmap,func,perf
ds004146	sub-0096	ses-01	2	0	1	558701530	0	608.2200046777725	304.11000233888626	1557504	778752.0	anat,dwi,func,perf
ds004146	sub-0097	ses-01	2	0	1	571587773	0	608.2200046777725	304.11000233888626	1557504	778752.0	anat,dwi,func,perf
ds004146	sub-0098	ses-01	2	0	1	556600329	0	608.2200046777725	304.11000233888626	1557504	778752.0	anat,dwi,func,perf
ds004146	sub-0098	ses-02	4	0	1	1144010787	0	1581.820019185543	395.45500479638577	2529504	632376.0	anat,dwi,fmap,func,perf
ds004146	sub-0099	ses-01	2	0	1	535322360	0	608.2200046777725	304.11000233888626	1557504	778752.0	anat,dwi,func,perf
ds004146	sub-0100	ses-01	2	0	1	573835645	0	608.2200046777725	304.11000233888626	1557504	778752.0	anat,dwi,func,perf
ds004146	sub-0100	ses-02	4	0	1	1172313040	0	1581.820019185543	395.45500479638577	2529504	632376.0	anat,dwi,fmap,func,perf
ds004146	sub-0101	ses-01	2	0	1	560864085	0	608.2200046777725	304.11000233888626	1557504	778752.0	anat,dwi,func,perf
ds004146	sub-0101	ses-02	4	0	1	1142485579	0	1581.820019185543	395.45500479638577	2529504	632376.0	anat,dwi,fmap,func,perf
ds004146	sub-0102	ses-01	2	0	1	544337405	0	608.2200046777725	304.11000233888626	1557504	778752.0	anat,dwi,func,perf
ds004146	sub-0102	ses-02	4	0	1	1158892640	0	1581.820019185543	395.45500479638577	2529504	632376.0	anat,dwi,fmap,func,perf
ds004146	sub-0103	ses-01	2	0	1	534196091	0	608.2200046777725	304.11000233888626	1557504	778752.0	anat,dwi,func,perf
ds004146	sub-0104	ses-01	2	0	1	540732907	0	608.2200046777725	304.11000233888626	1557504	778752.0	anat,dwi,func,perf
ds004146	sub-0105	ses-01	2	0	1	512525380	0	608.2200046777725	304.11000233888626	1557504	778752.0	anat,dwi,func
ds004146	sub-0105	ses-02	4	0	1	1027092449	0	1581.820019185543	395.45500479638577	2529504	632376.0	anat,dwi,fmap,func,perf
ds004146	sub-0106	ses-01	2	0	1	510787351	0	608.2200046777725	304.11000233888626	1557504	778752.0	anat,dwi,func,perf
ds004146	sub-0106	ses-02	4	0	1	1053548188	0	1581.820019185543	395.45500479638577	2529504	632376.0	anat,dwi,fmap,func,perf
ds004146	sub-0107	ses-01	2	0	1	592422390	0	608.2200046777725	304.11000233888626	1557504	778752.0	anat,dwi,func,perf
ds004146	sub-0108	ses-01	2	0	1	564917071	0	608.2200046777725	304.11000233888626	1557504	778752.0	anat,dwi,func,perf
ds004146	sub-0108	ses-02	2	0	0	558446156	0	608.2200046777725	304.11000233888626	1557504	778752.0	anat,dwi,func
ds004146	sub-0109	ses-01	2	0	1	585514318	0	608.2200046777725	304.11000233888626	1557504	778752.0	anat,dwi,func,perf
ds004146	sub-0109	ses-02	4	0	1	1193555073	0	1581.820019185543	395.45500479638577	2529504	632376.0	anat,dwi,fmap,func,perf
ds004146	sub-0110	ses-01	2	0	1	586508471	0	608.2200046777725	304.11000233888626	1557504	778752.0	anat,dwi,func,perf
ds004146	sub-0110	ses-02	4	0	1	1203525025	0	1581.820019185543	395.45500479638577	2529504	632376.0	anat,dwi,fmap,func,perf
ds004146	sub-0111	ses-01	2	0	1	569802852	0	608.2200046777725	304.11000233888626	1557504	778752.0	anat,dwi,func,perf
ds004146	sub-0111	ses-02	4	0	1	1181901765	0	1581.820019185543	395.45500479638577	2529504	632376.0	anat,dwi,fmap,func,perf
ds004146	sub-0112	ses-01	2	0	0	549949896	0	608.2200046777725	304.11000233888626	1557504	778752.0	anat,dwi,func,perf
ds004146	sub-0112	ses-02	4	0	1	1111865780	0	1581.820019185543	395.45500479638577	2529504	632376.0	anat,dwi,fmap,func,perf
ds004146	sub-0113	ses-01	2	0	1	558807780	0	608.2200046777725	304.11000233888626	1557504	778752.0	anat,dwi,func,perf
ds004146	sub-0113	ses-02	4	0	1	1157431662	0	1581.820019185543	395.45500479638577	2529504	632376.0	anat,dwi,fmap,func,perf
ds004146	sub-0114	ses-01	2	0	1	541080389	0	608.2200046777725	304.11000233888626	1557504	778752.0	anat,dwi,func,perf
ds004146	sub-0114	ses-02	4	0	1	1118987786	0	1581.820019185543	395.45500479638577	2529504	632376.0	anat,dwi,fmap,func,perf
ds004146	sub-0115	ses-01	2	0	1	571528263	0	608.2200046777725	304.11000233888626	1557504	778752.0	anat,dwi,func,perf
ds004146	sub-0115	ses-02	4	0	1	1182745828	0	1581.820019185543	395.45500479638577	2529504	632376.0	anat,dwi,fmap,func,perf
ds004146	sub-0116	ses-01	2	0	1	548982769	0	608.2200046777725	304.11000233888626	1557504	778752.0	anat,dwi,func,perf
ds004146	sub-0117	ses-01	2	0	1	551736250	0	608.2200046777725	304.11000233888626	1557504	778752.0	anat,dwi,func,perf
ds004146	sub-0117	ses-02	4	0	1	1123607580	0	1581.820019185543	395.45500479638577	2529504	632376.0	anat,dwi,fmap,func,perf
ds004146	sub-0118	ses-01	2	0	1	547382675	0	608.2200046777725	304.11000233888626	1557504	778752.0	anat,dwi,func,perf
ds004146	sub-0118	ses-02	4	0	1	1101576221	0	1581.820019185543	395.45500479638577	2529504	632376.0	anat,dwi,fmap,func,perf
ds004146	sub-0119	ses-01	2	0	1	568806870	0	608.2200046777725	304.11000233888626	1557504	778752.0	anat,dwi,func,perf
ds004146	sub-0119	ses-02	4	0	1	1160011115	0	1581.820019185543	395.45500479638577	2529504	632376.0	anat,dwi,fmap,func,perf
ds004146	sub-0120	ses-01	2	0	1	497801784	0	608.2200046777725	304.11000233888626	1557504	778752.0	anat,dwi,func,perf
ds004146	sub-0120	ses-02	4	0	1	1011668819	0	1581.820019185543	395.45500479638577	2529504	632376.0	anat,dwi,fmap,func,perf
ds004146	sub-0121	ses-01	2	0	0	529506214	0	608.2200046777725	304.11000233888626	1557504	778752.0	anat,dwi,func,perf
ds004146	sub-0122	ses-01	2	0	1	535682879	0	608.2200046777725	304.11000233888626	1557504	778752.0	anat,dwi,func,perf
ds004146	sub-0122	ses-02	4	0	0	1109858774	0	1581.820019185543	395.45500479638577	2529504	632376.0	anat,dwi,fmap,func,perf
ds004146	sub-0123	ses-01	0	0	1	0	0	n/a	n/a	n/a	n/a	anat,dwi,perf
ds004146	sub-0123	ses-02	4	0	1	1100872056	0	1581.820019185543	395.45500479638577	2529504	632376.0	anat,dwi,fmap,func,perf
ds004146	sub-0124	ses-01	2	0	1	545782196	0	608.2200046777725	304.11000233888626	1557504	778752.0	anat,dwi,func,perf
ds004146	sub-0124	ses-02	4	0	1	1093374811	0	1581.820019185543	395.45500479638577	2529504	632376.0	anat,dwi,fmap,func,perf
ds004146	sub-0125	ses-01	2	0	1	522014670	0	608.2200046777725	304.11000233888626	1557504	778752.0	anat,dwi,func,perf
ds004146	sub-0125	ses-02	4	0	1	1087417457	0	1581.820019185543	395.45500479638577	2529504	632376.0	anat,dwi,fmap,func,perf
ds004146	sub-0126	ses-01	2	0	1	543625373	0	608.2200046777725	304.11000233888626	1557504	778752.0	anat,dwi,func,perf
ds004146	sub-0126	ses-02	4	0	1	1120935947	0	1581.820019185543	395.45500479638577	2529504	632376.0	anat,dwi,fmap,func,perf
ds004146	sub-0127	ses-01	2	0	1	532258945	0	608.2200046777725	304.11000233888626	1557504	778752.0	anat,dwi,func,perf
ds004146	sub-0127	ses-02	4	0	1	1069393133	0	1581.820019185543	395.45500479638577	2529504	632376.0	anat,dwi,fmap,func,perf
ds004146	sub-0128	ses-01	2	0	1	519282319	0	608.2200046777725	304.11000233888626	1557504	778752.0	anat,dwi,func,perf
ds004146	sub-0128	ses-02	4	0	1	1085451520	0	1581.820019185543	395.45500479638577	2529504	632376.0	anat,dwi,fmap,func,perf
ds004146	sub-0129	ses-01	2	0	1	560256847	0	608.2200046777725	304.11000233888626	1557504	778752.0	anat,dwi,func,perf
ds004146	sub-0129	ses-02	4	0	1	1166692639	0	1581.820019185543	395.45500479638577	2529504	632376.0	anat,dwi,fmap,func,perf
ds004146	sub-0130	ses-01	2	0	1	514453774	0	608.2200046777725	304.11000233888626	1557504	778752.0	anat,dwi,func,perf
ds004146	sub-0130	ses-02	4	0	1	1061116639	0	1581.820019185543	395.45500479638577	2529504	632376.0	anat,dwi,fmap,func,perf
ds004146	sub-0131	ses-01	2	0	1	551451408	0	608.2200046777725	304.11000233888626	1557504	778752.0	anat,dwi,func,perf
ds004146	sub-0132	ses-01	2	0	1	532634089	0	608.2200046777725	304.11000233888626	1557504	778752.0	anat,dwi,func,perf
ds004146	sub-0133	ses-01	2	0	1	559630053	0	608.2200046777725	304.11000233888626	1557504	778752.0	anat,dwi,func,perf
ds004146	sub-0134	ses-01	2	0	0	529348999	0	608.2200046777725	304.11000233888626	1557504	778752.0	anat,dwi,func,perf
ds004146	sub-0134	ses-02	4	0	1	1125763579	0	1581.820019185543	395.45500479638577	2529504	632376.0	anat,dwi,fmap,func,perf
ds004146	sub-0135	ses-01	2	0	1	540771925	0	608.2200046777725	304.11000233888626	1557504	778752.0	anat,dwi,func,perf
ds004146	sub-0136	ses-01	2	0	1	527674560	0	608.2200046777725	304.11000233888626	1557504	778752.0	anat,dwi,func,perf
ds004146	sub-0136	ses-02	4	0	1	1067453788	0	1581.820019185543	395.45500479638577	2529504	632376.0	anat,dwi,fmap,func,perf
ds004146	sub-0137	ses-01	2	0	1	551133819	0	608.2200046777725	304.11000233888626	1557504	778752.0	anat,dwi,func,perf
ds004146	sub-0138	ses-01	2	0	1	539842008	0	608.2200046777725	304.11000233888626	1557504	778752.0	anat,dwi,func,perf
ds004146	sub-0139	ses-01	2	0	1	522068122	0	608.2200046777725	304.11000233888626	1557504	778752.0	anat,dwi,func,perf
ds004146	sub-0139	ses-02	4	0	1	1076579876	0	1581.820019185543	395.45500479638577	2529504	632376.0	anat,dwi,fmap,func,perf
ds004146	sub-0141	ses-01	2	0	1	558180148	0	608.2200046777725	304.11000233888626	1557504	778752.0	anat,dwi,func,perf
ds004146	sub-0141	ses-02	4	0	1	1124498632	0	1581.820019185543	395.45500479638577	2529504	632376.0	anat,dwi,fmap,func,perf
ds004146	sub-0142	ses-01	2	0	1	544076377	0	608.2200046777725	304.11000233888626	1557504	778752.0	anat,dwi,func,perf
ds004146	sub-0143	ses-01	2	0	1	525876366	0	608.2200046777725	304.11000233888626	1557504	778752.0	anat,dwi,func,perf
ds004146	sub-0144	ses-01	2	0	1	505804220	0	608.2200046777725	304.11000233888626	1557504	778752.0	anat,dwi,func,perf
ds004146	sub-0144	ses-02	4	0	1	1021428525	0	1581.820019185543	395.45500479638577	2529504	632376.0	anat,dwi,fmap,func,perf
ds004146	sub-0145	ses-01	2	0	1	547514957	0	608.2200046777725	304.11000233888626	1557504	778752.0	anat,dwi,func,perf
ds004146	sub-0146	ses-01	2	0	1	501678679	0	608.2200046777725	304.11000233888626	1557504	778752.0	anat,dwi,func,perf
ds004146	sub-0147	ses-01	2	0	1	536232357	0	608.2200046777725	304.11000233888626	1557504	778752.0	anat,dwi,func,perf
ds004146	sub-0148	ses-01	2	0	1	566062676	0	608.2200046777725	304.11000233888626	1557504	778752.0	anat,dwi,func,perf
ds004146	sub-0148	ses-02	4	0	0	1148228675	0	1581.820019185543	395.45500479638577	2529504	632376.0	anat,dwi,fmap,func,perf
ds004146	sub-0149	ses-01	2	0	1	526819179	0	608.2200046777725	304.11000233888626	1557504	778752.0	anat,dwi,func,perf
ds004146	sub-0150	ses-01	2	0	1	564491917	0	608.2200046777725	304.11000233888626	1557504	778752.0	anat,dwi,func,perf
ds004146	sub-0150	ses-02	4	0	0	1157126262	0	1581.820019185543	395.45500479638577	2529504	632376.0	anat,dwi,fmap,func,perf
ds004146	sub-0151	ses-01	2	0	1	541372547	0	608.2200046777725	304.11000233888626	1557504	778752.0	anat,dwi,func,perf
ds004146	sub-0151	ses-02	4	0	1	1136938075	0	1581.820019185543	395.45500479638577	2529504	632376.0	anat,dwi,fmap,func,perf
ds004146	sub-0152	ses-01	2	0	1	537129354	0	608.2200046777725	304.11000233888626	1557504	778752.0	anat,dwi,func,perf
ds004146	sub-0152	ses-02	4	0	1	1096667768	0	1581.820019185543	395.45500479638577	2529504	632376.0	anat,dwi,fmap,func,perf
ds004146	sub-0154	ses-01	2	0	1	567481389	0	608.2200046777725	304.11000233888626	1557504	778752.0	anat,dwi,func,perf
ds004146	sub-0154	ses-02	4	0	0	1140516454	0	1581.820019185543	395.45500479638577	2529504	632376.0	anat,dwi,fmap,func,perf
ds004146	sub-0155	ses-01	2	0	1	526127687	0	608.2200046777725	304.11000233888626	1557504	778752.0	anat,dwi,func,perf
ds004146	sub-0155	ses-02	4	0	1	1070094887	0	1581.820019185543	395.45500479638577	2529504	632376.0	anat,dwi,fmap,func,perf
ds004146	sub-0156	ses-01	2	0	1	516237243	0	608.2200046777725	304.11000233888626	1557504	778752.0	anat,dwi,func,perf
ds004146	sub-0156	ses-02	3	0	1	700110031	0	912.2200092077255	304.0733364025752	2043504	681168.0	anat,dwi,fmap,func,perf
ds004146	sub-0157	ses-01	2	0	1	536448812	0	608.2200046777725	304.11000233888626	1557504	778752.0	anat,dwi,func,perf
ds004146	sub-0157	ses-02	4	0	1	1114997138	0	1581.820019185543	395.45500479638577	2529504	632376.0	anat,dwi,fmap,func,perf
ds004146	sub-0158	ses-01	2	0	1	559051882	0	608.2200046777725	304.11000233888626	1557504	778752.0	anat,dwi,func,perf
ds004146	sub-0158	ses-02	4	0	1	1180304899	0	1581.820019185543	395.45500479638577	2529504	632376.0	anat,dwi,fmap,func,perf
ds004146	sub-0159	ses-01	2	0	1	555253507	0	608.2200046777725	304.11000233888626	1557504	778752.0	anat,dwi,func,perf
ds004146	sub-0159	ses-02	4	0	1	1151845196	0	1581.820019185543	395.45500479638577	2529504	632376.0	anat,dwi,fmap,func,perf
ds004146	sub-0160	ses-01	2	0	1	586308557	0	608.2200046777725	304.11000233888626	1557504	778752.0	anat,dwi,func,perf
ds004146	sub-0160	ses-02	4	0	1	1196735759	0	1581.820019185543	395.45500479638577	2529504	632376.0	anat,dwi,fmap,func,perf
ds004146	sub-0161	ses-01	2	0	1	544102144	0	608.2200046777725	304.11000233888626	1557504	778752.0	anat,dwi,func,perf
ds004146	sub-0161	ses-02	4	0	1	1118934440	0	1581.820019185543	395.45500479638577	2529504	632376.0	anat,dwi,fmap,func,perf
ds004146	sub-0162	ses-01	2	0	1	525677508	0	608.2200046777725	304.11000233888626	1557504	778752.0	anat,dwi,func,perf
ds004146	sub-0162	ses-02	4	0	1	1106587068	0	1581.820019185543	395.45500479638577	2529504	632376.0	anat,dwi,fmap,func,perf
ds004146	sub-0163	ses-01	2	0	1	528410512	0	608.2200046777725	304.11000233888626	1557504	778752.0	anat,dwi,func,perf
ds004146	sub-0163	ses-02	4	0	1	1088583329	0	1581.820019185543	395.45500479638577	2529504	632376.0	anat,dwi,fmap,func,perf
ds004146	sub-0164	ses-01	2	0	1	529438155	0	608.2200046777725	304.11000233888626	1557504	778752.0	anat,dwi,func,perf
ds004146	sub-0164	ses-02	4	0	0	1081837971	0	1581.820019185543	395.45500479638577	2529504	632376.0	anat,dwi,fmap,func,perf
ds004146	sub-0165	ses-01	2	0	0	536166163	0	608.2200046777725	304.11000233888626	1557504	778752.0	anat,dwi,func,perf
ds004146	sub-0165	ses-02	4	0	1	1089906840	0	1581.820019185543	395.45500479638577	2529504	632376.0	anat,dwi,fmap,func,perf
ds004146	sub-0166	ses-01	2	0	1	579210065	0	608.2200046777725	304.11000233888626	1557504	778752.0	anat,dwi,func,perf
ds004146	sub-0166	ses-02	4	0	1	1185805773	0	1581.820019185543	395.45500479638577	2529504	632376.0	anat,fmap,func,perf
ds004146	sub-0167	ses-01	2	0	1	574149455	0	608.2200046777725	304.11000233888626	1557504	778752.0	anat,dwi,func
ds004146	sub-0167	ses-02	4	0	1	1162044661	0	1581.820019185543	395.45500479638577	2529504	632376.0	anat,dwi,fmap,func,perf
ds004146	sub-0168	ses-01	2	0	1	569881303	0	608.2200046777725	304.11000233888626	1557504	778752.0	anat,dwi,func,perf
ds004146	sub-0168	ses-02	4	0	1	1217761205	0	1581.820019185543	395.45500479638577	2529504	632376.0	anat,dwi,fmap,func,perf
ds004146	sub-0169	ses-01	2	0	1	548252070	0	608.2200046777725	304.11000233888626	1557504	778752.0	anat,dwi,func,perf
ds004146	sub-0170	ses-01	2	0	1	572577648	0	608.2200046777725	304.11000233888626	1557504	778752.0	anat,dwi,func,perf
ds004146	sub-0170	ses-02	4	0	1	1167613224	0	1581.820019185543	395.45500479638577	2529504	632376.0	anat,dwi,fmap,func,perf
ds004146	sub-0171	ses-01	2	0	1	569909607	0	608.2200046777725	304.11000233888626	1557504	778752.0	anat,dwi,func,perf
ds004146	sub-0171	ses-02	4	0	1	1197207976	0	1581.820019185543	395.45500479638577	2529504	632376.0	anat,dwi,fmap,func,perf
ds004146	sub-0172	ses-01	2	0	1	515975933	0	608.2200046777725	304.11000233888626	1557504	778752.0	anat,dwi,func,perf
ds004146	sub-0172	ses-02	4	0	1	1088947089	0	1581.820019185543	395.45500479638577	2529504	632376.0	anat,dwi,fmap,func,perf
ds004146	sub-0173	ses-01	2	0	1	554855080	0	608.2200046777725	304.11000233888626	1557504	778752.0	anat,dwi,func,perf
ds004146	sub-0173	ses-02	4	0	1	1147184594	0	1581.820019185543	395.45500479638577	2529504	632376.0	anat,dwi,fmap,func,perf
ds004146	sub-0174	ses-01	2	0	1	519069096	0	608.2200046777725	304.11000233888626	1557504	778752.0	anat,dwi,func,perf
ds004146	sub-0174	ses-02	4	0	1	1077846424	0	1581.820019185543	395.45500479638577	2529504	632376.0	anat,dwi,fmap,func,perf
ds004146	sub-0175	ses-01	2	0	1	559621646	0	608.2200046777725	304.11000233888626	1557504	778752.0	anat,dwi,func,perf
ds004146	sub-0175	ses-02	4	0	1	1153997731	0	1581.820019185543	395.45500479638577	2529504	632376.0	anat,dwi,fmap,func,perf
ds004146	sub-0176	ses-01	2	0	1	535235714	0	608.2200046777725	304.11000233888626	1557504	778752.0	anat,dwi,func,perf
ds004146	sub-0177	ses-01	2	0	1	536458199	0	608.2200046777725	304.11000233888626	1557504	778752.0	anat,dwi,func,perf
ds004146	sub-0178	ses-01	2	0	1	555317272	0	608.2200046777725	304.11000233888626	1557504	778752.0	anat,dwi,func,perf
ds004146	sub-0178	ses-02	4	0	1	1148369184	0	1581.820019185543	395.45500479638577	2529504	632376.0	anat,dwi,fmap,func,perf
ds004146	sub-0179	ses-01	0	0	1	0	0	n/a	n/a	n/a	n/a	anat,dwi
ds004146	sub-0180	ses-01	2	0	1	550197869	0	608.2200046777725	304.11000233888626	1557504	778752.0	anat,dwi,func,perf
ds004146	sub-0181	ses-01	2	0	1	541106500	0	608.2200046777725	304.11000233888626	1557504	778752.0	anat,dwi,func,perf
ds004146	sub-0181	ses-02	4	0	1	1114221344	0	1581.820019185543	395.45500479638577	2529504	632376.0	anat,dwi,fmap,func,perf
ds004146	sub-0182	ses-01	2	0	0	561387490	0	608.2200046777725	304.11000233888626	1557504	778752.0	anat,dwi,func,perf
ds004146	sub-0182	ses-02	4	0	1	1168229566	0	1581.820019185543	395.45500479638577	2529504	632376.0	anat,dwi,fmap,func,perf
ds004146	sub-0183	ses-01	2	0	1	531035399	0	608.2200046777725	304.11000233888626	1557504	778752.0	anat,dwi,func,perf
ds004146	sub-0183	ses-02	4	0	1	1054564592	0	1581.820019185543	395.45500479638577	2529504	632376.0	anat,dwi,fmap,func,perf
ds004146	sub-0184	ses-01	2	0	1	559254493	0	608.2200046777725	304.11000233888626	1557504	778752.0	anat,dwi,func,perf
ds004146	sub-0184	ses-02	4	0	1	1153340592	0	1581.820019185543	395.45500479638577	2529504	632376.0	anat,dwi,fmap,func,perf
ds004146	sub-0185	ses-01	2	0	1	526458711	0	608.2200046777725	304.11000233888626	1557504	778752.0	anat,dwi,func,perf
ds004146	sub-0185	ses-02	4	0	1	1077039355	0	1581.820019185543	395.45500479638577	2529504	632376.0	anat,dwi,fmap,func,perf
ds004146	sub-0186	ses-01	2	0	1	547730607	0	608.2200046777725	304.11000233888626	1557504	778752.0	anat,dwi,func,perf
ds004146	sub-0186	ses-02	4	0	1	1147351975	0	1581.820019185543	395.45500479638577	2529504	632376.0	anat,dwi,fmap,func,perf
ds004146	sub-0187	ses-01	2	0	1	514841341	0	608.2200046777725	304.11000233888626	1557504	778752.0	anat,dwi,func,perf
ds004146	sub-0187	ses-02	4	0	1	1053370089	0	1581.820019185543	395.45500479638577	2529504	632376.0	anat,dwi,fmap,func,perf
ds004146	sub-0188	ses-01	2	0	1	503093702	0	608.2200046777725	304.11000233888626	1557504	778752.0	anat,dwi,func,perf
ds004146	sub-0188	ses-02	4	0	1	1018276220	0	1581.820019185543	395.45500479638577	2529504	632376.0	anat,dwi,fmap,func,perf
ds004146	sub-0189	ses-01	2	0	1	534445969	0	608.2200046777725	304.11000233888626	1557504	778752.0	anat,dwi,func,perf
ds004146	sub-0189	ses-02	4	0	1	1071933674	0	1581.820019185543	395.45500479638577	2529504	632376.0	anat,dwi,fmap,func,perf
ds004146	sub-0190	ses-01	2	0	0	530927021	0	608.2200046777725	304.11000233888626	1557504	778752.0	anat,dwi,func,perf
ds004146	sub-0190	ses-02	4	0	1	1098548612	0	1581.820019185543	395.45500479638577	2529504	632376.0	anat,dwi,fmap,func,perf
ds004146	sub-0191	ses-01	2	0	1	555170840	0	608.2200046777725	304.11000233888626	1557504	778752.0	anat,dwi,func,perf
ds004146	sub-0192	ses-01	2	0	1	574006501	0	608.2200046777725	304.11000233888626	1557504	778752.0	anat,dwi,func,perf
ds004146	sub-0193	ses-01	2	0	1	544110397	0	608.2200046777725	304.11000233888626	1557504	778752.0	anat,dwi,func,perf
ds004146	sub-0193	ses-02	4	0	1	1097036019	0	1581.820019185543	395.45500479638577	2529504	632376.0	anat,dwi,fmap,func,perf
ds004146	sub-0194	ses-01	2	0	1	542894839	0	608.2200046777725	304.11000233888626	1557504	778752.0	anat,dwi,func,perf
ds004146	sub-0194	ses-02	4	0	1	1074576693	0	1581.820019185543	395.45500479638577	2529504	632376.0	anat,dwi,fmap,func,perf
ds004146	sub-0195	ses-01	2	0	1	527879048	0	608.2200046777725	304.11000233888626	1557504	778752.0	anat,dwi,func,perf
ds004146	sub-0195	ses-02	4	0	0	1084626636	0	1581.820019185543	395.45500479638577	2529504	632376.0	anat,dwi,fmap,func,perf
ds004146	sub-0196	ses-01	2	0	1	525939467	0	608.2200046777725	304.11000233888626	1557504	778752.0	anat,dwi,func,perf
ds004146	sub-0197	ses-01	2	0	1	567695501	0	608.2200046777725	304.11000233888626	1557504	778752.0	anat,dwi,func,perf
ds004146	sub-0197	ses-02	4	0	1	1176925604	0	1581.820019185543	395.45500479638577	2529504	632376.0	anat,dwi,fmap,func,perf
ds004146	sub-0198	ses-01	2	0	1	555100960	0	608.2200046777725	304.11000233888626	1557504	778752.0	anat,dwi,func,perf
ds004146	sub-0198	ses-02	4	0	1	1150532197	0	1581.820019185543	395.45500479638577	2529504	632376.0	anat,dwi,fmap,func,perf
ds004146	sub-0199	ses-01	2	0	1	554956377	0	608.2200046777725	304.11000233888626	1557504	778752.0	anat,dwi,func,perf
ds004146	sub-0199	ses-02	4	0	1	1122522779	0	1581.820019185543	395.45500479638577	2529504	632376.0	anat,dwi,fmap,func,perf
ds004146	sub-0200	ses-01	2	0	1	541605715	0	608.2200046777725	304.11000233888626	1557504	778752.0	anat,dwi,func,perf
ds004146	sub-0200	ses-02	4	0	1	1097437339	0	1581.820019185543	395.45500479638577	2529504	632376.0	anat,dwi,fmap,func,perf
ds004146	sub-0201	ses-01	2	0	1	563268830	0	608.2200046777725	304.11000233888626	1557504	778752.0	anat,dwi,func,perf
ds004146	sub-0202	ses-01	2	0	0	563489232	0	608.2200046777725	304.11000233888626	1557504	778752.0	anat,dwi,func,perf
ds004146	sub-0202	ses-02	4	0	1	1148912093	0	1581.820019185543	395.45500479638577	2529504	632376.0	anat,dwi,fmap,func,perf
ds004146	sub-0203	ses-01	2	0	1	566724950	0	608.2200046777725	304.11000233888626	1557504	778752.0	anat,dwi,func,perf
ds004146	sub-0203	ses-02	4	0	1	1173028556	0	1581.820019185543	395.45500479638577	2529504	632376.0	anat,dwi,fmap,func,perf
ds004146	sub-0204	ses-01	2	0	1	501370695	0	608.2200046777725	304.11000233888626	1557504	778752.0	anat,dwi,func,perf
ds004146	sub-0205	ses-01	2	0	1	554279651	0	608.2200046777725	304.11000233888626	1557504	778752.0	anat,dwi,func,perf
ds004146	sub-0205	ses-02	4	0	1	1116722364	0	1581.820019185543	395.45500479638577	2529504	632376.0	anat,dwi,fmap,func,perf
ds004146	sub-0206	ses-01	2	0	1	581548052	0	608.2200046777725	304.11000233888626	1557504	778752.0	anat,dwi,func,perf
ds004146	sub-0207	ses-01	2	0	1	580157810	0	608.2200046777725	304.11000233888626	1557504	778752.0	anat,dwi,func,perf
ds004146	sub-0207	ses-02	4	0	1	1198278386	0	1581.820019185543	395.45500479638577	2529504	632376.0	anat,dwi,fmap,func,perf
ds004146	sub-0208	ses-01	2	0	1	537841882	0	608.2200046777725	304.11000233888626	1557504	778752.0	anat,dwi,func,perf
ds004146	sub-0208	ses-02	4	0	1	1091249992	0	1581.820019185543	395.45500479638577	2529504	632376.0	anat,dwi,fmap,func,perf
ds004146	sub-0209	ses-01	2	0	0	464194952	0	608.2200046777725	304.11000233888626	1557504	778752.0	anat,dwi,func,perf
ds004146	sub-0209	ses-02	4	0	1	971541450	0	1581.820019185543	395.45500479638577	2529504	632376.0	anat,dwi,fmap,func,perf
ds004146	sub-0210	ses-01	2	0	1	538181664	0	608.2200046777725	304.11000233888626	1557504	778752.0	anat,dwi,func,perf
ds004146	sub-0211	ses-01	2	0	1	577695908	0	608.2200046777725	304.11000233888626	1557504	778752.0	anat,dwi,func,perf
ds004146	sub-0211	ses-02	4	0	1	1177425796	0	1581.820019185543	395.45500479638577	2529504	632376.0	anat,dwi,fmap,func,perf
ds004146	sub-0212	ses-01	2	0	1	524979776	0	608.2200046777725	304.11000233888626	1557504	778752.0	anat,dwi,func,perf
ds004146	sub-0213	ses-01	2	0	1	521755855	0	608.2200046777725	304.11000233888626	1557504	778752.0	anat,dwi,func,perf
ds004146	sub-0213	ses-02	4	0	1	1048546377	0	1581.820019185543	395.45500479638577	2529504	632376.0	anat,dwi,fmap,func,perf
ds004146	sub-0214	ses-01	2	0	1	539760035	0	608.2200046777725	304.11000233888626	1557504	778752.0	anat,dwi,func,perf
ds004146	sub-0214	ses-02	4	0	1	1162254262	0	1581.820019185543	395.45500479638577	2529504	632376.0	anat,dwi,fmap,func,perf
ds004146	sub-0215	ses-01	2	0	1	517311217	0	608.2200046777725	304.11000233888626	1557504	778752.0	anat,dwi,func,perf
ds004146	sub-0215	ses-02	4	0	1	1057807382	0	1581.820019185543	395.45500479638577	2529504	632376.0	anat,dwi,fmap,func,perf
ds004146	sub-0216	ses-01	2	0	1	535943805	0	608.2200046777725	304.11000233888626	1557504	778752.0	anat,dwi,func,perf
ds004146	sub-0217	ses-01	2	0	1	556245468	0	608.2200046777725	304.11000233888626	1557504	778752.0	anat,dwi,func,perf
ds004146	sub-0218	ses-01	2	0	1	546794659	0	608.2200046777725	304.11000233888626	1557504	778752.0	anat,dwi,func,perf
ds004146	sub-0219	ses-01	2	0	1	556719967	0	608.2200046777725	304.11000233888626	1557504	778752.0	anat,dwi,func,perf
ds004146	sub-0219	ses-02	4	0	1	1142176759	0	1581.820019185543	395.45500479638577	2529504	632376.0	anat,dwi,fmap,func,perf
ds004146	sub-0220	ses-01	2	0	1	534340995	0	608.2200046777725	304.11000233888626	1557504	778752.0	anat,dwi,func,perf
ds004146	sub-0221	ses-01	2	0	1	531770337	0	608.2200046777725	304.11000233888626	1557504	778752.0	anat,dwi,func,perf
ds004146	sub-0222	ses-01	2	0	1	551184538	0	608.2200046777725	304.11000233888626	1557504	778752.0	anat,dwi,func,perf
ds004146	sub-0222	ses-02	3	0	0	758539532	0	912.2200092077255	304.0733364025752	2043504	681168.0	anat,dwi,fmap,func
ds004146	sub-0223	ses-01	2	0	1	525778839	0	608.2200046777725	304.11000233888626	1557504	778752.0	anat,dwi,func,perf
ds004146	sub-0223	ses-02	4	0	1	1071381464	0	1581.820019185543	395.45500479638577	2529504	632376.0	anat,dwi,fmap,func,perf
ds004146	sub-0224	ses-01	2	0	1	559059129	0	608.2200046777725	304.11000233888626	1557504	778752.0	anat,dwi,func,perf
ds004146	sub-0225	ses-01	2	0	1	545896556	0	608.2200046777725	304.11000233888626	1557504	778752.0	anat,dwi,func,perf
ds004146	sub-0226	ses-01	2	0	1	514498984	0	608.2200046777725	304.11000233888626	1557504	778752.0	anat,dwi,func,perf
ds004146	sub-0226	ses-02	3	0	1	668938891	0	912.2200092077255	304.0733364025752	2043504	681168.0	anat,dwi,fmap,func,perf
ds004146	sub-0227	ses-01	2	0	1	527690143	0	608.2200046777725	304.11000233888626	1557504	778752.0	anat,dwi,func,perf
ds004146	sub-0227	ses-02	4	0	1	1073635006	0	1581.820019185543	395.45500479638577	2529504	632376.0	anat,dwi,fmap,func,perf
ds004146	sub-0228	ses-01	2	0	1	548859470	0	608.2200046777725	304.11000233888626	1557504	778752.0	anat,dwi,func,perf
ds004146	sub-0229	ses-01	2	0	0	556244595	0	608.2200046777725	304.11000233888626	1557504	778752.0	anat,dwi,func,perf
ds004146	sub-0229	ses-02	4	0	1	1130144893	0	1581.820019185543	395.45500479638577	2529504	632376.0	anat,dwi,fmap,func,perf
ds004146	sub-0230	ses-01	2	0	1	559388656	0	608.2200046777725	304.11000233888626	1557504	778752.0	anat,dwi,func,perf
ds004146	sub-0231	ses-01	2	0	0	511260352	0	608.2200046777725	304.11000233888626	1557504	778752.0	anat,dwi,func,perf
ds004146	sub-0231	ses-02	4	0	1	1013352309	0	1581.820019185543	395.45500479638577	2529504	632376.0	anat,dwi,fmap,func,perf
ds004146	sub-0232	ses-01	2	0	1	499547436	0	608.2200046777725	304.11000233888626	1557504	778752.0	anat,dwi,func,perf
ds004146	sub-0232	ses-02	4	0	1	1063885675	0	1581.820019185543	395.45500479638577	2529504	632376.0	anat,dwi,fmap,func,perf
ds004146	sub-0233	ses-01	2	0	1	502056562	0	608.2200046777725	304.11000233888626	1557504	778752.0	anat,dwi,func,perf
ds004146	sub-0233	ses-02	4	0	1	1045236943	0	1581.820019185543	395.45500479638577	2529504	632376.0	anat,dwi,fmap,func,perf
ds004146	sub-0234	ses-01	2	0	1	556658836	0	608.2200046777725	304.11000233888626	1557504	778752.0	anat,dwi,func,perf
ds004146	sub-0234	ses-02	4	0	1	1148715173	0	1581.820019185543	395.45500479638577	2529504	632376.0	anat,dwi,fmap,func,perf
ds004146	sub-0235	ses-01	2	0	1	529419874	0	608.2200046777725	304.11000233888626	1557504	778752.0	anat,dwi,func,perf
ds004146	sub-0235	ses-02	4	0	0	1074468466	0	1581.820019185543	395.45500479638577	2529504	632376.0	anat,dwi,fmap,func,perf
ds004146	sub-0236	ses-01	2	0	1	556712844	0	608.2200046777725	304.11000233888626	1557504	778752.0	anat,dwi,func,perf
ds004146	sub-0236	ses-02	4	0	1	1129977103	0	1581.820019185543	395.45500479638577	2529504	632376.0	anat,dwi,fmap,func,perf
ds004146	sub-0237	ses-01	2	0	1	559715012	0	608.2200046777725	304.11000233888626	1557504	778752.0	anat,dwi,func,perf
ds004146	sub-0237	ses-02	4	0	1	1143981871	0	1581.820019185543	395.45500479638577	2529504	632376.0	anat,dwi,fmap,func,perf
ds004146	sub-0238	ses-01	2	0	1	538081001	0	608.2200046777725	304.11000233888626	1557504	778752.0	anat,dwi,func,perf
ds004146	sub-0238	ses-02	4	0	1	1123587225	0	1581.820019185543	395.45500479638577	2529504	632376.0	anat,dwi,fmap,func,perf
ds004146	sub-0239	ses-01	2	0	1	553576453	0	608.2200046777725	304.11000233888626	1557504	778752.0	anat,dwi,func,perf
ds004146	sub-0239	ses-02	4	0	1	1106926345	0	1581.820019185543	395.45500479638577	2529504	632376.0	anat,dwi,fmap,func,perf
ds004146	sub-0240	ses-01	2	0	1	516193576	0	608.2200046777725	304.11000233888626	1557504	778752.0	anat,dwi,func,perf
ds004146	sub-0240	ses-02	4	0	1	1070801550	0	1581.820019185543	395.45500479638577	2529504	632376.0	anat,dwi,fmap,func,perf
ds004146	sub-0241	ses-01	2	0	1	562691718	0	608.2200046777725	304.11000233888626	1557504	778752.0	anat,dwi,func,perf
ds004146	sub-0241	ses-02	4	0	1	1131241372	0	1581.820019185543	395.45500479638577	2529504	632376.0	anat,dwi,fmap,func,perf
ds004146	sub-0242	ses-01	2	0	1	558402481	0	608.2200046777725	304.11000233888626	1557504	778752.0	anat,dwi,func,perf
ds004146	sub-0242	ses-02	4	0	1	1137200247	0	1581.820019185543	395.45500479638577	2529504	632376.0	anat,dwi,fmap,func,perf
ds004146	sub-0243	ses-01	2	0	1	563425647	0	608.2200046777725	304.11000233888626	1557504	778752.0	anat,dwi,func,perf
ds004146	sub-0243	ses-02	4	0	1	1173533056	0	1581.820019185543	395.45500479638577	2529504	632376.0	anat,dwi,fmap,func,perf
ds004146	sub-0244	ses-01	0	0	0	0	0	n/a	n/a	n/a	n/a	anat
ds004146	sub-0245	ses-01	2	0	1	579324141	0	608.2200046777725	304.11000233888626	1557504	778752.0	anat,dwi,func,perf
ds004146	sub-0246	ses-01	2	0	1	510780591	0	608.2200046777725	304.11000233888626	1557504	778752.0	anat,dwi,func,perf
ds004146	sub-0246	ses-02	4	0	1	1045654390	0	1581.820019185543	395.45500479638577	2529504	632376.0	anat,dwi,fmap,func,perf
ds004146	sub-0247	ses-01	2	0	1	525895819	0	608.2200046777725	304.11000233888626	1557504	778752.0	anat,dwi,func,perf
ds004146	sub-0247	ses-02	4	0	1	1078434819	0	1581.820019185543	395.45500479638577	2529504	632376.0	anat,dwi,fmap,func,perf
ds004146	sub-0248	ses-01	2	0	1	552665459	0	608.2200046777725	304.11000233888626	1557504	778752.0	anat,dwi,func,perf
ds004146	sub-0249	ses-01	2	0	1	557128978	0	608.2200046777725	304.11000233888626	1557504	778752.0	anat,dwi,func,perf
ds004146	sub-0249	ses-02	4	0	1	1158881379	0	1581.820019185543	395.45500479638577	2529504	632376.0	anat,dwi,fmap,func,perf
ds004146	sub-0250	ses-01	2	0	1	536378503	0	608.2200046777725	304.11000233888626	1557504	778752.0	anat,dwi,func,perf
ds004146	sub-0250	ses-02	4	0	1	1140763106	0	1581.820019185543	395.45500479638577	2529504	632376.0	anat,dwi,fmap,func,perf
ds004146	sub-0251	ses-01	2	0	1	539677971	0	608.2200046777725	304.11000233888626	1557504	778752.0	anat,dwi,func,perf
ds004146	sub-0253	ses-01	2	0	1	579284799	0	608.2200046777725	304.11000233888626	1557504	778752.0	anat,dwi,func,perf
ds004146	sub-0253	ses-02	4	0	1	1176608389	0	1581.820019185543	395.45500479638577	2529504	632376.0	anat,dwi,fmap,func,perf
ds004146	sub-0254	ses-01	2	0	1	534961656	0	608.2200046777725	304.11000233888626	1557504	778752.0	anat,dwi,func,perf
ds004146	sub-0255	ses-01	2	0	1	541044468	0	608.2200046777725	304.11000233888626	1557504	778752.0	anat,dwi,func,perf
ds004146	sub-0255	ses-02	4	0	1	1107808604	0	1581.820019185543	395.45500479638577	2529504	632376.0	anat,dwi,fmap,func,perf
ds004146	sub-0256	ses-01	2	0	1	532755528	0	608.2200046777725	304.11000233888626	1557504	778752.0	anat,dwi,func,perf
ds004146	sub-0256	ses-02	4	0	1	1099351655	0	1581.820019185543	395.45500479638577	2529504	632376.0	anat,dwi,fmap,func,perf
ds004146	sub-0257	ses-01	2	0	1	576573381	0	608.2200046777725	304.11000233888626	1557504	778752.0	anat,dwi,func,perf
ds004146	sub-0257	ses-02	3	0	0	766880059	0	912.2200092077255	304.0733364025752	2043504	681168.0	anat,dwi,fmap,func
ds004146	sub-0258	ses-01	2	0	0	518617834	0	608.2200046777725	304.11000233888626	1557504	778752.0	anat,dwi,func,perf
ds004146	sub-0259	ses-01	2	0	1	547677623	0	608.2200046777725	304.11000233888626	1557504	778752.0	anat,dwi,func,perf
ds004146	sub-0259	ses-02	4	0	1	1119201998	0	1581.820019185543	395.45500479638577	2529504	632376.0	anat,dwi,fmap,func,perf
ds004146	sub-0260	ses-01	2	0	1	546086027	0	608.2200046777725	304.11000233888626	1557504	778752.0	anat,dwi,func,perf
ds004146	sub-0261	ses-01	2	0	0	541531041	0	608.2200046777725	304.11000233888626	1557504	778752.0	anat,dwi,func
ds004146	sub-0261	ses-02	4	0	1	1080071330	0	1581.820019185543	395.45500479638577	2529504	632376.0	anat,dwi,fmap,func,perf
ds004146	sub-0263	ses-01	2	0	1	529175260	0	608.2200046777725	304.11000233888626	1557504	778752.0	anat,dwi,func,perf
ds004146	sub-0263	ses-02	4	0	1	1066063603	0	1581.820019185543	395.45500479638577	2529504	632376.0	anat,dwi,fmap,func,perf
ds004146	sub-0264	ses-01	2	0	1	557828534	0	608.2200046777725	304.11000233888626	1557504	778752.0	anat,dwi,func,perf
ds004146	sub-0265	ses-01	2	0	1	556962346	0	608.2200046777725	304.11000233888626	1557504	778752.0	anat,dwi,func,perf
ds004146	sub-0266	ses-01	2	0	1	567509567	0	608.2200046777725	304.11000233888626	1557504	778752.0	anat,dwi,func,perf
ds004146	sub-0266	ses-02	4	0	1	1170693642	0	1581.820019185543	395.45500479638577	2529504	632376.0	anat,dwi,fmap,func,perf
ds004146	sub-0267	ses-01	2	0	1	537538238	0	608.2200046777725	304.11000233888626	1557504	778752.0	anat,dwi,func,perf
ds004146	sub-0268	ses-01	2	0	1	573369985	0	608.2200046777725	304.11000233888626	1557504	778752.0	anat,dwi,func,perf
ds004146	sub-0268	ses-02	4	0	1	1172489081	0	1581.820019185543	395.45500479638577	2529504	632376.0	anat,dwi,fmap,func,perf
ds004146	sub-0269	ses-01	2	0	1	544774866	0	608.2200046777725	304.11000233888626	1557504	778752.0	anat,dwi,func,perf
ds004146	sub-0269	ses-02	4	0	1	1142045394	0	1581.820019185543	395.45500479638577	2529504	632376.0	anat,dwi,fmap,func,perf
ds004146	sub-0270	ses-01	2	0	1	566923878	0	608.2200046777725	304.11000233888626	1557504	778752.0	anat,dwi,func,perf
ds004146	sub-0270	ses-02	4	0	1	1166371591	0	1581.820019185543	395.45500479638577	2529504	632376.0	anat,dwi,fmap,func,perf
ds004146	sub-0271	ses-01	2	0	0	516153887	0	608.2200046777725	304.11000233888626	1557504	778752.0	anat,dwi,func,perf
ds004146	sub-0271	ses-02	4	0	1	1035392215	0	1581.820019185543	395.45500479638577	2529504	632376.0	anat,dwi,fmap,func,perf
ds004146	sub-0272	ses-01	2	0	1	566603623	0	608.2200046777725	304.11000233888626	1557504	778752.0	anat,dwi,func,perf
ds004146	sub-0272	ses-02	4	0	1	1171954136	0	1581.820019185543	395.45500479638577	2529504	632376.0	anat,dwi,fmap,func,perf
ds004146	sub-0273	ses-01	2	0	1	508945486	0	608.2200046777725	304.11000233888626	1557504	778752.0	anat,dwi,func,perf
ds004146	sub-0273	ses-02	4	0	0	1030495615	0	1581.820019185543	395.45500479638577	2529504	632376.0	anat,dwi,fmap,func,perf
ds004146	sub-0274	ses-01	2	0	1	535695613	0	608.2200046777725	304.11000233888626	1557504	778752.0	anat,dwi,func,perf
ds004146	sub-0274	ses-02	4	0	1	1119719845	0	1581.820019185543	395.45500479638577	2529504	632376.0	anat,dwi,fmap,func,perf
ds004146	sub-0275	ses-01	2	0	1	523579110	0	608.2200046777725	304.11000233888626	1557504	778752.0	anat,dwi,func,perf
ds004146	sub-0276	ses-01	2	0	1	541746374	0	608.2200046777725	304.11000233888626	1557504	778752.0	anat,dwi,func,perf
ds004146	sub-0276	ses-02	4	0	1	1087986495	0	1581.820019185543	395.45500479638577	2529504	632376.0	anat,dwi,fmap,func,perf
ds004146	sub-0277	ses-01	2	0	1	532988645	0	608.2200046777725	304.11000233888626	1557504	778752.0	anat,dwi,func,perf
ds004146	sub-0277	ses-02	4	0	1	1080134522	0	1581.820019185543	395.45500479638577	2529504	632376.0	anat,dwi,fmap,func,perf
ds004146	sub-0278	ses-01	2	0	1	555439639	0	608.2200046777725	304.11000233888626	1557504	778752.0	anat,dwi,func,perf
ds004146	sub-0279	ses-01	2	0	1	549977182	0	608.2200046777725	304.11000233888626	1557504	778752.0	anat,dwi,func,perf
ds004146	sub-0279	ses-02	4	0	1	1133938406	0	1581.820019185543	395.45500479638577	2529504	632376.0	anat,dwi,fmap,func,perf
ds004146	sub-0280	ses-01	2	0	0	562301241	0	608.2200046777725	304.11000233888626	1557504	778752.0	anat,dwi,func
ds004146	sub-0280	ses-02	4	0	1	1145643405	0	1581.820019185543	395.45500479638577	2529504	632376.0	anat,dwi,fmap,func,perf
ds004146	sub-0281	ses-01	2	0	0	559900352	0	608.2200046777725	304.11000233888626	1557504	778752.0	anat,dwi,func
ds004146	sub-0282	ses-01	2	0	1	579352831	0	608.2200046777725	304.11000233888626	1557504	778752.0	anat,dwi,func,perf
ds004146	sub-0282	ses-02	4	0	1	1200653353	0	1581.820019185543	395.45500479638577	2529504	632376.0	anat,dwi,fmap,func,perf
ds004146	sub-0283	ses-01	2	0	1	549179070	0	608.2200046777725	304.11000233888626	1557504	778752.0	anat,dwi,func,perf
ds004146	sub-0284	ses-01	2	0	0	564167613	0	608.2200046777725	304.11000233888626	1557504	778752.0	anat,dwi,func,perf
ds004146	sub-0284	ses-02	4	0	1	1136609959	0	1581.820019185543	395.45500479638577	2529504	632376.0	anat,dwi,fmap,func,perf
ds004146	sub-0286	ses-01	2	0	1	561715277	0	608.2200046777725	304.11000233888626	1557504	778752.0	anat,dwi,func,perf
ds004146	sub-0287	ses-01	2	0	1	547815209	0	608.2200046777725	304.11000233888626	1557504	778752.0	anat,dwi,func,perf
ds004146	sub-0288	ses-01	2	0	1	507100761	0	608.2200046777725	304.11000233888626	1557504	778752.0	anat,dwi,func,perf
ds004146	sub-0288	ses-02	4	0	1	1052838645	0	1581.820019185543	395.45500479638577	2529504	632376.0	anat,dwi,fmap,func,perf
ds004146	sub-0289	ses-01	2	0	1	525400582	0	608.2200046777725	304.11000233888626	1557504	778752.0	anat,dwi,func,perf
ds004146	sub-0289	ses-02	4	0	1	1073607503	0	1581.820019185543	395.45500479638577	2529504	632376.0	anat,dwi,fmap,func,perf
ds004146	sub-0290	ses-01	2	0	1	546572460	0	608.2200046777725	304.11000233888626	1557504	778752.0	anat,dwi,func,perf
ds004146	sub-0290	ses-02	4	0	1	1107884529	0	1581.820019185543	395.45500479638577	2529504	632376.0	anat,dwi,fmap,func,perf
ds004146	sub-0291	ses-01	2	0	1	533557983	0	608.2200046777725	304.11000233888626	1557504	778752.0	anat,dwi,func,perf
ds004146	sub-0292	ses-01	2	0	1	546315399	0	608.2200046777725	304.11000233888626	1557504	778752.0	anat,dwi,func,perf
ds004146	sub-0292	ses-02	4	0	1	1110297289	0	1581.820019185543	395.45500479638577	2529504	632376.0	anat,dwi,fmap,func,perf
ds004146	sub-0293	ses-01	2	0	1	528382171	0	608.2200046777725	304.11000233888626	1557504	778752.0	anat,dwi,func,perf
ds004146	sub-0293	ses-02	4	0	1	1095354316	0	1581.820019185543	395.45500479638577	2529504	632376.0	anat,dwi,fmap,func,perf
ds004146	sub-0294	ses-01	2	0	1	570904178	0	608.2200046777725	304.11000233888626	1557504	778752.0	anat,dwi,func,perf
ds004146	sub-0295	ses-01	2	0	1	575897430	0	608.2200046777725	304.11000233888626	1557504	778752.0	anat,dwi,func,perf
ds004146	sub-0295	ses-02	4	0	1	1199157877	0	1581.820019185543	395.45500479638577	2529504	632376.0	anat,dwi,fmap,func,perf
ds004146	sub-0296	ses-01	0	0	1	0	0	n/a	n/a	n/a	n/a	anat,dwi,perf
ds004146	sub-0297	ses-01	2	0	1	584076547	0	608.2200046777725	304.11000233888626	1557504	778752.0	anat,dwi,func,perf
ds004146	sub-0297	ses-02	4	0	1	1234197131	0	1581.820019185543	395.45500479638577	2529504	632376.0	anat,dwi,fmap,func,perf
ds004146	sub-0298	ses-01	2	0	1	555756629	0	608.2200046777725	304.11000233888626	1557504	778752.0	anat,dwi,func,perf
ds004146	sub-0298	ses-02	4	0	1	1169318381	0	1581.820019185543	395.45500479638577	2529504	632376.0	anat,dwi,fmap,func,perf
ds004146	sub-0299	ses-01	2	0	1	528922334	0	608.2200046777725	304.11000233888626	1557504	778752.0	anat,dwi,func,perf
ds004146	sub-0299	ses-02	4	0	1	1085377653	0	1581.820019185543	395.45500479638577	2529504	632376.0	anat,dwi,fmap,func,perf
ds004146	sub-0300	ses-01	2	0	1	550822463	0	608.2200046777725	304.11000233888626	1557504	778752.0	anat,dwi,func,perf
ds004146	sub-0300	ses-02	4	0	1	1139805934	0	1581.820019185543	395.45500479638577	2529504	632376.0	anat,dwi,fmap,func,perf
ds004146	sub-0301	ses-01	2	0	1	526457703	0	608.2200046777725	304.11000233888626	1557504	778752.0	anat,dwi,func,perf
ds004146	sub-0301	ses-02	4	0	1	1061745204	0	1581.820019185543	395.45500479638577	2529504	632376.0	anat,dwi,fmap,func,perf
ds004146	sub-0302	ses-01	2	0	1	552522202	0	608.2200046777725	304.11000233888626	1557504	778752.0	anat,dwi,func,perf
ds004146	sub-0302	ses-02	4	0	1	1092038797	0	1576.2200191020966	394.05500477552414	2529504	632376.0	anat,dwi,fmap,func,perf
ds004146	sub-0303	ses-01	2	0	1	521749703	0	608.2200046777725	304.11000233888626	1557504	778752.0	anat,dwi,func,perf
ds004146	sub-0303	ses-02	4	0	1	1070281692	0	1581.820019185543	395.45500479638577	2529504	632376.0	anat,dwi,fmap,func,perf
ds004146	sub-0304	ses-01	2	0	1	567110154	0	608.2200046777725	304.11000233888626	1557504	778752.0	anat,dwi,func,perf
ds004146	sub-0304	ses-02	4	0	1	1151667885	0	1581.820019185543	395.45500479638577	2529504	632376.0	anat,dwi,fmap,func,perf
ds004146	sub-0305	ses-01	2	0	1	533362800	0	608.2200046777725	304.11000233888626	1557504	778752.0	anat,dwi,func,perf
ds004146	sub-0306	ses-01	2	0	1	546063863	0	608.2200046777725	304.11000233888626	1557504	778752.0	anat,dwi,func,perf
ds004146	sub-0306	ses-02	4	0	1	1126449715	0	1581.820019185543	395.45500479638577	2529504	632376.0	anat,dwi,fmap,func,perf
ds004146	sub-0307	ses-01	2	0	1	540669971	0	608.2200046777725	304.11000233888626	1557504	778752.0	anat,dwi,func,perf
ds004146	sub-0308	ses-01	2	0	1	557427404	0	608.2200046777725	304.11000233888626	1557504	778752.0	anat,dwi,func,perf
ds004146	sub-0309	ses-01	2	0	1	555525721	0	608.2200046777725	304.11000233888626	1557504	778752.0	anat,dwi,func,perf
ds004146	sub-0310	ses-01	2	0	1	551249539	0	608.2200046777725	304.11000233888626	1557504	778752.0	anat,dwi,func,perf
ds004146	sub-0310	ses-02	4	0	1	1093748137	0	1581.820019185543	395.45500479638577	2529504	632376.0	anat,dwi,fmap,func,perf
ds004146	sub-0311	ses-01	2	0	0	561639866	0	608.2200046777725	304.11000233888626	1557504	778752.0	anat,dwi,func
ds004146	sub-0311	ses-02	4	0	1	1147711053	0	1581.820019185543	395.45500479638577	2529504	632376.0	anat,dwi,fmap,func,perf
ds004146	sub-0312	ses-01	2	0	1	524233816	0	608.2200046777725	304.11000233888626	1557504	778752.0	anat,dwi,func,perf
ds004146	sub-0312	ses-02	4	0	1	1088812176	0	1581.820019185543	395.45500479638577	2529504	632376.0	anat,dwi,fmap,func,perf
ds004146	sub-0313	ses-01	2	0	0	520101632	0	608.2200046777725	304.11000233888626	1557504	778752.0	anat,dwi,func,perf
ds004146	sub-0313	ses-02	4	0	0	1096815157	0	1581.820019185543	395.45500479638577	2529504	632376.0	anat,dwi,fmap,func,perf
ds004146	sub-0314	ses-01	2	0	1	561218365	0	608.2200046777725	304.11000233888626	1557504	778752.0	anat,dwi,func,perf
ds004146	sub-0314	ses-02	4	0	1	1148044463	0	1581.820019185543	395.45500479638577	2529504	632376.0	anat,dwi,fmap,func,perf
ds004146	sub-0315	ses-01	0	0	1	0	0	n/a	n/a	n/a	n/a	anat,dwi,perf
ds004146	sub-0315	ses-02	4	0	0	1049105309	0	1581.820019185543	395.45500479638577	2529504	632376.0	anat,dwi,fmap,func,perf
ds004146	sub-0316	ses-01	2	0	1	548580297	0	608.2200046777725	304.11000233888626	1557504	778752.0	anat,dwi,func,perf
ds004146	sub-0317	ses-01	2	0	1	531525472	0	608.2200046777725	304.11000233888626	1557504	778752.0	anat,dwi,func,perf
ds004146	sub-0317	ses-02	4	0	0	1085750216	0	1581.820019185543	395.45500479638577	2529504	632376.0	anat,dwi,fmap,func,perf
ds004146	sub-0318	ses-01	2	0	1	533790881	0	608.2200046777725	304.11000233888626	1557504	778752.0	anat,dwi,func,perf
ds004146	sub-0318	ses-02	4	0	1	1065275272	0	1581.820019185543	395.45500479638577	2529504	632376.0	anat,dwi,fmap,func,perf
ds004146	sub-0319	ses-01	2	0	1	546403557	0	608.2200046777725	304.11000233888626	1557504	778752.0	anat,dwi,func,perf
ds004146	sub-0320	ses-01	2	0	0	528003511	0	608.2200046777725	304.11000233888626	1557504	778752.0	anat,dwi,func,perf
ds004146	sub-0320	ses-02	4	0	1	1087925712	0	1581.820019185543	395.45500479638577	2529504	632376.0	anat,dwi,fmap,func,perf
ds004146	sub-0321	ses-01	2	0	1	555400126	0	608.2200046777725	304.11000233888626	1557504	778752.0	anat,dwi,func,perf
ds004146	sub-0321	ses-02	4	0	1	1145883106	0	1581.820019185543	395.45500479638577	2529504	632376.0	anat,dwi,fmap,func,perf
ds004146	sub-0322	ses-01	2	0	1	537669547	0	608.2200046777725	304.11000233888626	1557504	778752.0	anat,dwi,func,perf
ds004146	sub-0322	ses-02	4	0	1	1089649343	0	1581.820019185543	395.45500479638577	2529504	632376.0	anat,dwi,fmap,func,perf
ds004146	sub-0323	ses-01	2	0	1	536808659	0	608.2200046777725	304.11000233888626	1557504	778752.0	anat,dwi,func,perf
ds004146	sub-0323	ses-02	4	0	1	1108766452	0	1581.820019185543	395.45500479638577	2529504	632376.0	anat,dwi,fmap,func,perf
ds004146	sub-0324	ses-01	2	0	1	549607237	0	608.2200046777725	304.11000233888626	1557504	778752.0	anat,dwi,func,perf
ds004146	sub-0325	ses-01	2	0	0	540520813	0	608.2200046777725	304.11000233888626	1557504	778752.0	anat,dwi,func,perf
ds004146	sub-0325	ses-02	4	0	1	1099978007	0	1581.820019185543	395.45500479638577	2529504	632376.0	anat,dwi,fmap,func,perf
ds004146	sub-0326	ses-01	2	0	1	505080973	0	608.2200046777725	304.11000233888626	1557504	778752.0	anat,dwi,func,perf
ds004146	sub-0326	ses-02	4	0	1	1037099017	0	1581.820019185543	395.45500479638577	2529504	632376.0	anat,dwi,fmap,func,perf
ds004146	sub-0327	ses-01	2	0	1	569448397	0	608.2200046777725	304.11000233888626	1557504	778752.0	anat,dwi,func,perf
ds004146	sub-0327	ses-02	4	0	1	1207491982	0	1581.820019185543	395.45500479638577	2529504	632376.0	anat,dwi,fmap,func,perf
ds004146	sub-0328	ses-01	2	0	1	512851518	0	608.2200046777725	304.11000233888626	1557504	778752.0	anat,dwi,func,perf
ds004146	sub-0328	ses-02	4	0	1	1034676141	0	1581.820019185543	395.45500479638577	2529504	632376.0	anat,dwi,fmap,func,perf
ds004146	sub-0329	ses-01	0	0	1	0	0	n/a	n/a	n/a	n/a	anat,dwi
ds004146	sub-0329	ses-02	4	0	1	1127416562	0	1576.2200191020966	394.05500477552414	2529504	632376.0	anat,dwi,fmap,func,perf
ds004146	sub-0330	ses-01	2	0	1	565630445	0	608.2200046777725	304.11000233888626	1557504	778752.0	anat,dwi,func,perf
ds004146	sub-0330	ses-02	4	0	1	1171085570	0	1581.820019185543	395.45500479638577	2529504	632376.0	anat,dwi,func,perf
ds004146	sub-0331	ses-01	2	0	1	555608191	0	608.2200046777725	304.11000233888626	1557504	778752.0	anat,dwi,func,perf
ds004146	sub-0331	ses-02	4	0	0	1130260218	0	1581.820019185543	395.45500479638577	2529504	632376.0	anat,dwi,fmap,func
ds004146	sub-0332	ses-01	2	0	1	527917737	0	608.2200046777725	304.11000233888626	1557504	778752.0	anat,dwi,func,perf
ds004146	sub-0332	ses-02	4	0	1	991454614	0	1581.820019185543	395.45500479638577	2529504	632376.0	anat,dwi,fmap,func,perf
ds004146	sub-0333	ses-01	2	0	1	545361420	0	608.2200046777725	304.11000233888626	1557504	778752.0	anat,dwi,func,perf
ds004146	sub-0333	ses-02	4	0	1	1128871982	0	1581.820019185543	395.45500479638577	2529504	632376.0	anat,dwi,fmap,func,perf
ds004146	sub-0334	ses-01	2	0	1	537576469	0	608.2200046777725	304.11000233888626	1557504	778752.0	anat,dwi,func,perf
ds004146	sub-0334	ses-02	4	0	1	1110246973	0	1581.820019185543	395.45500479638577	2529504	632376.0	anat,dwi,fmap,func,perf
ds004146	sub-0335	ses-01	2	0	1	518444592	0	608.2200046777725	304.11000233888626	1557504	778752.0	anat,dwi,func,perf
ds004146	sub-0335	ses-02	4	0	0	1065113954	0	1581.820019185543	395.45500479638577	2529504	632376.0	anat,dwi,fmap,func,perf
ds004146	sub-0336	ses-01	2	0	1	555115734	0	608.2200046777725	304.11000233888626	1557504	778752.0	anat,dwi,func,perf
ds004146	sub-0336	ses-02	4	0	1	1165670500	0	1581.820019185543	395.45500479638577	2529504	632376.0	anat,dwi,fmap,func,perf
ds004146	sub-0337	ses-01	2	0	1	587694348	0	608.2200046777725	304.11000233888626	1557504	778752.0	anat,dwi,func,perf
ds004146	sub-0337	ses-02	4	0	0	1214790020	0	1581.820019185543	395.45500479638577	2529504	632376.0	anat,dwi,fmap,func,perf
ds004146	sub-0338	ses-01	2	0	1	535773768	0	608.2200046777725	304.11000233888626	1557504	778752.0	anat,dwi,func,perf
ds004146	sub-0338	ses-02	4	0	0	1079687161	0	1581.820019185543	395.45500479638577	2529504	632376.0	anat,dwi,fmap,func,perf
ds004146	sub-0339	ses-01	2	0	1	558807627	0	608.2200046777725	304.11000233888626	1557504	778752.0	anat,dwi,func,perf
ds004146	sub-0339	ses-02	4	0	1	1126572224	0	1581.820019185543	395.45500479638577	2529504	632376.0	anat,dwi,fmap,func,perf
ds004146	sub-0340	ses-01	2	0	1	533112294	0	608.2200046777725	304.11000233888626	1557504	778752.0	anat,dwi,func,perf
ds004146	sub-0340	ses-02	4	0	1	1078359869	0	1581.820019185543	395.45500479638577	2529504	632376.0	anat,dwi,fmap,func,perf
ds004146	sub-0341	ses-01	2	0	1	534976766	0	608.2200046777725	304.11000233888626	1557504	778752.0	anat,dwi,func,perf
ds004146	sub-0342	ses-01	2	0	1	555703509	0	608.2200046777725	304.11000233888626	1557504	778752.0	anat,dwi,func,perf
ds004146	sub-0342	ses-02	4	0	1	1145747068	0	1581.820019185543	395.45500479638577	2529504	632376.0	anat,dwi,fmap,func,perf
ds004146	sub-0343	ses-01	2	0	1	554033541	0	608.2200046777725	304.11000233888626	1557504	778752.0	anat,dwi,func,perf
ds004146	sub-0343	ses-02	4	0	1	1149926346	0	1581.820019185543	395.45500479638577	2529504	632376.0	anat,dwi,fmap,func,perf
ds004146	sub-0344	ses-01	2	0	1	534901577	0	608.2200046777725	304.11000233888626	1557504	778752.0	anat,dwi,func,perf
ds004146	sub-0344	ses-02	4	0	1	1105117974	0	1581.820019185543	395.45500479638577	2529504	632376.0	anat,dwi,fmap,func,perf
ds004146	sub-0345	ses-01	2	0	1	575885466	0	608.2200046777725	304.11000233888626	1557504	778752.0	anat,dwi,func,perf
ds004146	sub-0345	ses-02	4	0	1	1169645869	0	1581.820019185543	395.45500479638577	2529504	632376.0	anat,dwi,fmap,func,perf
ds004146	sub-0346	ses-01	2	0	1	532990524	0	608.2200046777725	304.11000233888626	1557504	778752.0	anat,dwi,func,perf
ds004146	sub-0346	ses-02	4	0	1	1065930043	0	1581.820019185543	395.45500479638577	2529504	632376.0	anat,dwi,fmap,func,perf
ds004146	sub-0347	ses-01	0	0	1	0	0	n/a	n/a	n/a	n/a	anat,perf
ds004146	sub-0348	ses-01	2	0	1	570886054	0	608.2200046777725	304.11000233888626	1557504	778752.0	anat,dwi,func,perf
ds004146	sub-0349	ses-01	2	0	1	543245793	0	608.2200046777725	304.11000233888626	1557504	778752.0	anat,dwi,func,perf
ds004146	sub-0350	ses-01	2	0	1	549829871	0	608.2200046777725	304.11000233888626	1557504	778752.0	anat,dwi,func,perf
ds004146	sub-0350	ses-02	4	0	1	1117996598	0	1581.820019185543	395.45500479638577	2529504	632376.0	anat,dwi,fmap,func,perf
ds004146	sub-0351	ses-01	2	0	1	569661434	0	608.2200046777725	304.11000233888626	1557504	778752.0	anat,dwi,func,perf
ds004146	sub-0352	ses-01	2	0	1	549965345	0	608.2200046777725	304.11000233888626	1557504	778752.0	anat,dwi,func,perf
ds004146	sub-0353	ses-01	2	0	1	524154637	0	608.2200046777725	304.11000233888626	1557504	778752.0	anat,dwi,func,perf
ds004146	sub-0353	ses-02	4	0	1	1091258545	0	1581.820019185543	395.45500479638577	2529504	632376.0	anat,dwi,fmap,func,perf
ds004146	sub-0354	ses-01	2	0	1	563748776	0	608.2200046777725	304.11000233888626	1557504	778752.0	anat,dwi,func,perf
ds004146	sub-0354	ses-02	4	0	1	1151582602	0	1581.820019185543	395.45500479638577	2529504	632376.0	anat,dwi,fmap,func,perf
ds004146	sub-0355	ses-01	2	0	0	545660618	0	608.2200046777725	304.11000233888626	1557504	778752.0	anat,dwi,func,perf
ds004146	sub-0356	ses-01	2	0	0	534580425	0	608.2200046777725	304.11000233888626	1557504	778752.0	anat,dwi,func,perf
ds004146	sub-0356	ses-02	4	0	1	1106164948	0	1581.820019185543	395.45500479638577	2529504	632376.0	anat,dwi,fmap,func,perf
ds004146	sub-0357	ses-01	2	0	1	535745271	0	608.2200046777725	304.11000233888626	1557504	778752.0	anat,dwi,func,perf
ds004146	sub-0357	ses-02	4	0	1	1072176616	0	1581.820019185543	395.45500479638577	2529504	632376.0	anat,dwi,fmap,func,perf
ds004146	sub-0358	ses-01	2	0	1	496452707	0	608.2200046777725	304.11000233888626	1557504	778752.0	anat,dwi,func,perf
ds004146	sub-0358	ses-02	4	0	0	1034444432	0	1581.820019185543	395.45500479638577	2529504	632376.0	anat,dwi,fmap,func,perf
ds004146	sub-0359	ses-01	2	0	1	499494331	0	608.2200046777725	304.11000233888626	1557504	778752.0	anat,dwi,func,perf
ds004146	sub-0359	ses-02	4	0	1	1048135804	0	1581.820019185543	395.45500479638577	2529504	632376.0	anat,dwi,fmap,func,perf
ds004146	sub-0360	ses-01	2	0	1	546213482	0	608.2200046777725	304.11000233888626	1557504	778752.0	anat,dwi,func,perf
ds004146	sub-0360	ses-02	4	0	1	1116797229	0	1581.820019185543	395.45500479638577	2529504	632376.0	anat,dwi,fmap,func,perf
ds004146	sub-0361	ses-01	2	0	1	557614915	0	608.2200046777725	304.11000233888626	1557504	778752.0	anat,dwi,func,perf
ds004146	sub-0361	ses-02	4	0	1	1180310534	0	1581.820019185543	395.45500479638577	2529504	632376.0	anat,dwi,fmap,func,perf
ds004146	sub-0362	ses-01	2	0	1	523059998	0	608.2200046777725	304.11000233888626	1557504	778752.0	anat,dwi,func,perf
ds004146	sub-0362	ses-02	4	0	1	1061959669	0	1581.820019185543	395.45500479638577	2529504	632376.0	anat,dwi,fmap,func,perf
ds004146	sub-0363	ses-01	2	0	1	560209993	0	608.2200046777725	304.11000233888626	1557504	778752.0	anat,dwi,func,perf
ds004146	sub-0363	ses-02	4	0	0	1205588657	0	1581.820019185543	395.45500479638577	2529504	632376.0	anat,dwi,fmap,func,perf
ds004146	sub-0364	ses-01	2	0	1	546817237	0	608.2200046777725	304.11000233888626	1557504	778752.0	anat,dwi,func,perf
ds004146	sub-0364	ses-02	4	0	0	1108139054	0	1581.820019185543	395.45500479638577	2529504	632376.0	anat,dwi,fmap,func,perf
ds004146	sub-0365	ses-01	2	0	1	562902440	0	608.2200046777725	304.11000233888626	1557504	778752.0	anat,dwi,func,perf
ds004146	sub-0365	ses-02	4	0	1	1171138551	0	1581.820019185543	395.45500479638577	2529504	632376.0	anat,dwi,fmap,func,perf
ds004146	sub-0366	ses-01	2	0	1	542514474	0	608.2200046777725	304.11000233888626	1557504	778752.0	anat,dwi,func,perf
ds004146	sub-0366	ses-02	4	0	1	1112414151	0	1581.820019185543	395.45500479638577	2529504	632376.0	anat,dwi,fmap,func,perf
ds004146	sub-0367	ses-01	2	0	1	566849096	0	608.2200046777725	304.11000233888626	1557504	778752.0	anat,dwi,func,perf
ds004146	sub-0368	ses-01	2	0	1	538631506	0	608.2200046777725	304.11000233888626	1557504	778752.0	anat,dwi,func,perf
ds004146	sub-0368	ses-02	4	0	1	1095527003	0	1581.820019185543	395.45500479638577	2529504	632376.0	anat,dwi,fmap,func,perf
ds004146	sub-0369	ses-01	2	0	1	500176053	0	608.2200046777725	304.11000233888626	1557504	778752.0	anat,dwi,func,perf
ds004146	sub-0369	ses-02	4	0	0	1042875316	0	1581.820019185543	395.45500479638577	2529504	632376.0	anat,dwi,fmap,func,perf
ds004146	sub-0370	ses-01	2	0	0	541400111	0	608.2200046777725	304.11000233888626	1557504	778752.0	anat,dwi,func,perf
ds004146	sub-0371	ses-01	2	0	1	547037922	0	608.2200046777725	304.11000233888626	1557504	778752.0	anat,dwi,func,perf
ds004146	sub-0371	ses-02	4	0	1	1146183506	0	1581.820019185543	395.45500479638577	2529504	632376.0	anat,dwi,fmap,func,perf
ds004146	sub-0372	ses-01	2	0	1	506767731	0	608.2200046777725	304.11000233888626	1557504	778752.0	anat,dwi,func,perf
ds004146	sub-0372	ses-02	4	0	1	1036048263	0	1581.820019185543	395.45500479638577	2529504	632376.0	anat,dwi,fmap,func,perf
ds004146	sub-0373	ses-01	2	0	1	549548497	0	608.2200046777725	304.11000233888626	1557504	778752.0	anat,dwi,func,perf
ds004146	sub-0374	ses-01	2	0	1	513790741	0	608.2200046777725	304.11000233888626	1557504	778752.0	anat,dwi,func,perf
ds004146	sub-0374	ses-02	4	0	1	1079566323	0	1581.820019185543	395.45500479638577	2529504	632376.0	anat,dwi,fmap,func,perf
ds004146	sub-0375	ses-01	2	0	1	559449419	0	608.2200046777725	304.11000233888626	1557504	778752.0	anat,dwi,func,perf
ds004146	sub-0375	ses-02	4	0	1	1165088814	0	1581.820019185543	395.45500479638577	2529504	632376.0	anat,dwi,func,perf
ds004146	sub-0376	ses-01	2	0	1	553154283	0	608.2200046777725	304.11000233888626	1557504	778752.0	anat,dwi,func,perf
ds004146	sub-0376	ses-02	4	0	0	1145131002	0	1581.820019185543	395.45500479638577	2529504	632376.0	anat,dwi,fmap,func,perf
ds004146	sub-0377	ses-01	2	0	1	547315034	0	608.2200046777725	304.11000233888626	1557504	778752.0	anat,dwi,func,perf
ds004146	sub-0377	ses-02	4	0	1	1134112858	0	1581.820019185543	395.45500479638577	2529504	632376.0	anat,dwi,fmap,func,perf
ds004146	sub-0378	ses-01	2	0	1	528728870	0	608.2200046777725	304.11000233888626	1557504	778752.0	anat,dwi,func,perf
ds004146	sub-0378	ses-02	4	0	1	1138985597	0	1581.820019185543	395.45500479638577	2529504	632376.0	anat,dwi,fmap,func,perf
ds004146	sub-0379	ses-01	2	0	1	539112873	0	608.2200046777725	304.11000233888626	1557504	778752.0	anat,dwi,func,perf
ds004146	sub-0380	ses-01	2	0	1	504277304	0	608.2200046777725	304.11000233888626	1557504	778752.0	anat,dwi,func,perf
ds004146	sub-0380	ses-02	4	0	1	1049014578	0	1581.820019185543	395.45500479638577	2529504	632376.0	anat,dwi,fmap,func,perf
ds004146	sub-0381	ses-01	2	0	1	552506751	0	608.2200046777725	304.11000233888626	1557504	778752.0	anat,dwi,func,perf
ds004146	sub-0381	ses-02	4	0	1	1171764222	0	1581.820019185543	395.45500479638577	2529504	632376.0	anat,dwi,fmap,func,perf
ds004146	sub-0382	ses-01	2	0	1	520063281	0	608.2200046777725	304.11000233888626	1557504	778752.0	anat,dwi,func,perf
ds004146	sub-0382	ses-02	4	0	1	1074325755	0	1581.820019185543	395.45500479638577	2529504	632376.0	anat,dwi,fmap,func,perf
ds004146	sub-0383	ses-01	2	0	1	537325171	0	608.2200046777725	304.11000233888626	1557504	778752.0	anat,dwi,func,perf
ds004146	sub-0384	ses-01	2	0	1	557021251	0	608.2200046777725	304.11000233888626	1557504	778752.0	anat,dwi,func,perf
ds004146	sub-0384	ses-02	4	0	1	1118352146	0	1581.820019185543	395.45500479638577	2529504	632376.0	anat,dwi,fmap,func,perf
ds004146	sub-0385	ses-01	2	0	0	550505218	0	608.2200046777725	304.11000233888626	1557504	778752.0	anat,dwi,func,perf
ds004146	sub-0385	ses-02	4	0	1	1139382443	0	1581.820019185543	395.45500479638577	2529504	632376.0	anat,dwi,fmap,func,perf
ds004146	sub-0386	ses-01	2	0	1	517415793	0	608.2200046777725	304.11000233888626	1557504	778752.0	anat,dwi,func,perf
ds004146	sub-0387	ses-01	2	0	1	591635714	0	608.2200046777725	304.11000233888626	1557504	778752.0	anat,dwi,func,perf
ds004146	sub-0387	ses-02	4	0	0	1225692071	0	1576.2200191020966	394.05500477552414	2529504	632376.0	anat,dwi,fmap,func,perf
ds004146	sub-0388	ses-01	2	0	1	554442105	0	608.2200046777725	304.11000233888626	1557504	778752.0	anat,dwi,func,perf
ds004146	sub-0388	ses-02	4	0	0	1111620336	0	1581.820019185543	395.45500479638577	2529504	632376.0	anat,dwi,fmap,func,perf
ds004146	sub-0389	ses-01	2	0	0	570821630	0	608.2200046777725	304.11000233888626	1557504	778752.0	anat,dwi,func,perf
ds004146	sub-0389	ses-02	4	0	1	1204186732	0	1581.820019185543	395.45500479638577	2529504	632376.0	anat,dwi,fmap,func,perf
ds004146	sub-0390	ses-01	2	0	1	503942820	0	608.2200046777725	304.11000233888626	1557504	778752.0	anat,dwi,func,perf
ds004146	sub-0390	ses-02	4	0	1	1044165964	0	1581.820019185543	395.45500479638577	2529504	632376.0	anat,dwi,fmap,func,perf
ds004146	sub-0391	ses-01	2	0	1	579070661	0	608.2200046777725	304.11000233888626	1557504	778752.0	anat,dwi,func,perf
ds004146	sub-0392	ses-01	2	0	1	578771283	0	608.2200046777725	304.11000233888626	1557504	778752.0	anat,dwi,func,perf
ds004146	sub-0392	ses-02	4	0	1	1189011034	0	1581.820019185543	395.45500479638577	2529504	632376.0	anat,dwi,fmap,func,perf
ds004146	sub-0393	ses-01	2	0	1	566887564	0	608.2200046777725	304.11000233888626	1557504	778752.0	anat,dwi,func,perf
ds004146	sub-0394	ses-01	2	0	1	530376082	0	608.2200046777725	304.11000233888626	1557504	778752.0	anat,dwi,func,perf
ds004146	sub-0394	ses-02	4	0	0	1103431410	0	1581.820019185543	395.45500479638577	2529504	632376.0	anat,dwi,fmap,func,perf
ds004146	sub-0395	ses-01	2	0	1	552095357	0	608.2200046777725	304.11000233888626	1557504	778752.0	anat,dwi,func,perf
ds004146	sub-0395	ses-02	4	0	1	1216302117	0	1576.2200191020966	394.05500477552414	2529504	632376.0	anat,dwi,fmap,func,perf
ds004146	sub-0396	ses-01	2	0	1	547654110	0	608.2200046777725	304.11000233888626	1557504	778752.0	anat,dwi,func,perf
ds004146	sub-0396	ses-02	4	0	1	1117419725	0	1581.820019185543	395.45500479638577	2529504	632376.0	anat,dwi,fmap,func,perf
ds004146	sub-0397	ses-01	2	0	1	520671876	0	608.2200046777725	304.11000233888626	1557504	778752.0	anat,dwi,func,perf
ds004146	sub-0397	ses-02	4	0	1	1123101535	0	1581.820019185543	395.45500479638577	2529504	632376.0	anat,dwi,fmap,func,perf
ds004146	sub-0398	ses-01	2	0	1	549979433	0	608.2200046777725	304.11000233888626	1557504	778752.0	anat,dwi,func,perf
ds004146	sub-0399	ses-01	2	0	1	565657266	0	608.2200046777725	304.11000233888626	1557504	778752.0	anat,dwi,func,perf
ds004146	sub-0400	ses-01	2	0	1	532302588	0	608.2200046777725	304.11000233888626	1557504	778752.0	anat,dwi,func,perf
ds004146	sub-0400	ses-02	4	0	1	1095241203	0	1581.820019185543	395.45500479638577	2529504	632376.0	anat,dwi,fmap,func,perf
ds004146	sub-0401	ses-01	2	0	0	518073214	0	608.2200046777725	304.11000233888626	1557504	778752.0	anat,dwi,func,perf
ds004146	sub-0401	ses-02	4	0	0	1057793892	0	1581.820019185543	395.45500479638577	2529504	632376.0	anat,dwi,fmap,func,perf
ds004146	sub-0402	ses-01	2	0	1	560002580	0	608.2200046777725	304.11000233888626	1557504	778752.0	anat,dwi,func,perf
ds004146	sub-0402	ses-02	4	0	1	1163724389	0	1581.820019185543	395.45500479638577	2529504	632376.0	anat,dwi,fmap,func,perf
ds004146	sub-0403	ses-01	2	0	1	556664331	0	608.2200046777725	304.11000233888626	1557504	778752.0	anat,dwi,func,perf
ds004146	sub-0403	ses-02	4	0	1	1137349354	0	1581.820019185543	395.45500479638577	2529504	632376.0	anat,dwi,fmap,func,perf
ds004146	sub-0404	ses-01	2	0	1	536795946	0	608.2200046777725	304.11000233888626	1557504	778752.0	anat,dwi,func,perf
ds004146	sub-0404	ses-02	4	0	1	1120301362	0	1581.820019185543	395.45500479638577	2529504	632376.0	anat,dwi,func,perf
ds004146	sub-0405	ses-01	2	0	1	518196460	0	608.2200046777725	304.11000233888626	1557504	778752.0	anat,dwi,func,perf
ds004146	sub-0405	ses-02	4	0	1	1064245501	0	1581.820019185543	395.45500479638577	2529504	632376.0	anat,dwi,fmap,func,perf
ds004146	sub-0406	ses-01	2	0	1	560287546	0	608.2200046777725	304.11000233888626	1557504	778752.0	anat,dwi,func,perf
ds004146	sub-0407	ses-01	2	0	1	530659241	0	608.2200046777725	304.11000233888626	1557504	778752.0	anat,dwi,func,perf
ds004146	sub-0408	ses-01	2	0	1	545864995	0	608.2200046777725	304.11000233888626	1557504	778752.0	anat,dwi,func,perf
ds004146	sub-0408	ses-02	4	0	1	1138654186	0	1581.820019185543	395.45500479638577	2529504	632376.0	anat,dwi,fmap,func,perf
ds004146	sub-0409	ses-01	2	0	1	542649488	0	608.2200046777725	304.11000233888626	1557504	778752.0	anat,dwi,func,perf
ds004146	sub-0409	ses-02	4	0	1	1141714065	0	1581.820019185543	395.45500479638577	2529504	632376.0	anat,dwi,fmap,func,perf
ds004146	sub-0410	ses-01	2	0	1	519497271	0	608.2200046777725	304.11000233888626	1557504	778752.0	anat,dwi,func,perf
ds004146	sub-0410	ses-02	4	0	1	1092101731	0	1581.820019185543	395.45500479638577	2529504	632376.0	anat,dwi,fmap,func,perf
ds004146	sub-0411	ses-01	2	0	1	545894953	0	608.2200046777725	304.11000233888626	1557504	778752.0	anat,dwi,func,perf
ds004146	sub-0411	ses-02	4	0	1	1120928908	0	1581.820019185543	395.45500479638577	2529504	632376.0	anat,dwi,fmap,func,perf
ds004146	sub-0412	ses-01	2	0	1	506858935	0	608.2200046777725	304.11000233888626	1557504	778752.0	anat,dwi,func,perf
ds004146	sub-0412	ses-02	4	0	1	1074319953	0	1581.820019185543	395.45500479638577	2529504	632376.0	anat,dwi,fmap,func,perf
ds004146	sub-0413	ses-01	2	0	1	525030218	0	608.2200046777725	304.11000233888626	1557504	778752.0	anat,dwi,func,perf
ds004146	sub-0413	ses-02	4	0	1	1095404909	0	1581.820019185543	395.45500479638577	2529504	632376.0	anat,dwi,fmap,func,perf
ds004146	sub-0414	ses-01	2	0	1	549764446	0	608.2200046777725	304.11000233888626	1557504	778752.0	anat,dwi,func,perf
ds004146	sub-0415	ses-01	2	0	1	527423911	0	608.2200046777725	304.11000233888626	1557504	778752.0	anat,dwi,func,perf
ds004146	sub-0415	ses-02	4	0	1	1079946894	0	1581.820019185543	395.45500479638577	2529504	632376.0	anat,dwi,fmap,func,perf
ds004146	sub-0416	ses-01	2	0	1	555118636	0	608.2200046777725	304.11000233888626	1557504	778752.0	anat,dwi,func,perf
ds004146	sub-0417	ses-01	2	0	1	537094064	0	608.2200046777725	304.11000233888626	1557504	778752.0	anat,dwi,func,perf
ds004146	sub-0417	ses-02	4	0	1	1112237565	0	1581.820019185543	395.45500479638577	2529504	632376.0	anat,dwi,fmap,func,perf
ds004146	sub-0418	ses-01	0	0	1	0	0	n/a	n/a	n/a	n/a	anat,dwi,perf
ds004146	sub-0418	ses-02	4	0	1	1104030917	0	1576.2200191020966	394.05500477552414	2529504	632376.0	anat,dwi,fmap,func,perf
ds004146	sub-0419	ses-01	2	0	1	542714977	0	608.2200046777725	304.11000233888626	1557504	778752.0	anat,dwi,func,perf
ds004146	sub-0419	ses-02	4	0	1	1104278761	0	1581.820019185543	395.45500479638577	2529504	632376.0	anat,dwi,fmap,func,perf
ds004146	sub-0420	ses-01	2	0	0	534948526	0	608.2200046777725	304.11000233888626	1557504	778752.0	anat,dwi,func,perf
ds004146	sub-0420	ses-02	4	0	1	1118219418	0	1581.820019185543	395.45500479638577	2529504	632376.0	anat,dwi,fmap,func,perf
ds004146	sub-0421	ses-01	2	0	1	543929876	0	608.2200046777725	304.11000233888626	1557504	778752.0	anat,dwi,func,perf
ds004146	sub-0421	ses-02	4	0	1	1134516161	0	1581.820019185543	395.45500479638577	2529504	632376.0	anat,dwi,fmap,func,perf
ds004146	sub-0422	ses-01	2	0	1	512123132	0	608.2200046777725	304.11000233888626	1557504	778752.0	anat,dwi,func,perf
ds004146	sub-0422	ses-02	4	0	1	1063150939	0	1581.820019185543	395.45500479638577	2529504	632376.0	anat,dwi,fmap,func,perf
